model,deployment,id,breed,latency_ms,error
base,gpt-4o,0,Affenpinscher,2008.9939999998023,
base,gpt-4o,1,Affenpinscher,2026.8028000000413,
base,gpt-4o,2,Affenpinscher,1626.0234999999739,
base,gpt-4o,3,Affenpinscher,1312.8444999993008,
base,gpt-4o,4,Affenpinscher,1603.2003999998778,
base,gpt-4o,5,Afghan Hound,1595.5353999997897,
base,gpt-4o,6,Afghan Hound,1215.257500000007,
base,gpt-4o,7,Afghan Hound,1728.862900000422,
base,gpt-4o,8,Afghan Hound,1271.3173000001916,
base,gpt-4o,9,Afghan Hound,1803.7522999993598,
base,gpt-4o,10,African Hunting Dog,1801.72709999988,
base,gpt-4o,11,African Hunting Dog,1763.6794999998529,
base,gpt-4o,12,African Hunting Dog,3252.474099999745,
base,gpt-4o,13,African Hunting Dog,1667.4431000001277,
base,gpt-4o,14,African Hunting Dog,1768.477200000234,
base,gpt-4o,15,Airedale,1597.0266999993328,
base,gpt-4o,16,Airedale,1457.0395000000644,
base,gpt-4o,17,Airedale,1692.5202000002173,
base,gpt-4o,18,Airedale,1866.8360000001485,
base,gpt-4o,19,Airedale,1469.4305000002714,
base,gpt-4o,20,American Staffordshire Terrier,1300.7704000001468,
base,gpt-4o,21,American Staffordshire Terrier,1685.9918999998627,
base,gpt-4o,22,American Staffordshire Terrier,1532.3021999993216,
base,gpt-4o,23,American Staffordshire Terrier,1635.846400000446,
base,gpt-4o,24,American Staffordshire Terrier,1664.0617000002749,
base,gpt-4o,25,Appenzeller,1498.4447000006185,
base,gpt-4o,26,Appenzeller,1711.783199999445,
base,gpt-4o,27,Appenzeller,1520.4829999993308,
base,gpt-4o,28,Appenzeller,2087.5906000001123,
base,gpt-4o,29,Appenzeller,1788.5502999997698,
base,gpt-4o,30,Australian Terrier,1319.3406999998842,
base,gpt-4o,31,Australian Terrier,1551.603800000521,
base,gpt-4o,32,Australian Terrier,1349.4385000003604,
base,gpt-4o,33,Australian Terrier,1447.2507000000405,
base,gpt-4o,34,Australian Terrier,1317.7911000002496,
base,gpt-4o,35,Basenji,1488.928499999929,
base,gpt-4o,36,Basenji,2239.082299999609,
base,gpt-4o,37,Basenji,1841.2994999998773,
base,gpt-4o,38,Basenji,1382.9613999996582,
base,gpt-4o,39,Basenji,1826.5099000000191,
base,gpt-4o,40,Basset,1206.2437999993563,
base,gpt-4o,41,Basset,1492.4842000000353,
base,gpt-4o,42,Basset,1697.1441999994568,
base,gpt-4o,43,Basset,1654.460100000506,
base,gpt-4o,44,Basset,1691.2355000004027,
base,gpt-4o,45,Beagle,1597.4999999998545,
base,gpt-4o,46,Beagle,2522.484500000246,
base,gpt-4o,47,Beagle,2048.030099999778,
base,gpt-4o,48,Beagle,1267.692800000077,
base,gpt-4o,49,Beagle,1329.0272000003824,
base,gpt-4o,50,Bedlington Terrier,1822.016999999505,
base,gpt-4o,51,Bedlington Terrier,1908.6485999996512,
base,gpt-4o,52,Bedlington Terrier,1736.851700000443,
base,gpt-4o,53,Bedlington Terrier,1701.5227000001687,
base,gpt-4o,54,Bedlington Terrier,1404.5975999997609,
base,gpt-4o,55,Bernese Mountain Dog,1946.936999999707,
base,gpt-4o,56,Bernese Mountain Dog,2487.497600000097,
base,gpt-4o,57,Bernese Mountain Dog,1627.1994999997332,
base,gpt-4o,58,Bernese Mountain Dog,1715.4287000003023,
base,gpt-4o,59,Bernese Mountain Dog,1579.8666000000594,
base,gpt-4o,60,Black-And-Tan Coonhound,2166.51020000063,
base,gpt-4o,61,Black-And-Tan Coonhound,1269.8484000002281,
base,gpt-4o,62,Black-And-Tan Coonhound,1915.5408999995416,
base,gpt-4o,63,Black-And-Tan Coonhound,1870.634699999755,
base,gpt-4o,64,Black-And-Tan Coonhound,1547.461299999668,
base,gpt-4o,65,Blenheim Spaniel,1341.6997000003903,
base,gpt-4o,66,Blenheim Spaniel,1480.866199999582,
base,gpt-4o,67,Blenheim Spaniel,1173.0480999995052,
base,gpt-4o,68,Blenheim Spaniel,1296.5469000000667,
base,gpt-4o,69,Blenheim Spaniel,1138.4765000002517,
base,gpt-4o,70,Bloodhound,1691.9414999993023,
base,gpt-4o,71,Bloodhound,1284.4678000001295,
base,gpt-4o,72,Bloodhound,1269.6661999998469,
base,gpt-4o,73,Bloodhound,1552.3340999998254,
base,gpt-4o,74,Bloodhound,1277.0916999998008,
base,gpt-4o,75,Bluetick,1631.7415000003166,
base,gpt-4o,76,Bluetick,1287.9356999992524,
base,gpt-4o,77,Bluetick,1637.502599999607,
base,gpt-4o,78,Bluetick,1610.5176999999458,
base,gpt-4o,79,Bluetick,1368.2351999996172,
base,gpt-4o,80,Border Collie,1627.452099999573,
base,gpt-4o,81,Border Collie,1516.4416000006895,
base,gpt-4o,82,Border Collie,1537.52219999933,
base,gpt-4o,83,Border Collie,1261.9328999999198,
base,gpt-4o,84,Border Collie,1615.7100999998875,
base,gpt-4o,85,Border Terrier,1432.7312000004895,
base,gpt-4o,86,Border Terrier,2001.6310999999405,
base,gpt-4o,87,Border Terrier,1593.6078000004272,
base,gpt-4o,88,Border Terrier,1575.4249000001437,
base,gpt-4o,89,Border Terrier,1395.4360999996425,
base,gpt-4o,90,Borzoi,1255.8365000004414,
base,gpt-4o,91,Borzoi,1667.9002000000764,
base,gpt-4o,92,Borzoi,1559.7834999998668,
base,gpt-4o,93,Borzoi,1317.8578999995807,
base,gpt-4o,94,Borzoi,1731.3534999993863,
base,gpt-4o,95,Boston Bull,1750.7283000004463,
base,gpt-4o,96,Boston Bull,1723.8400999995065,
base,gpt-4o,97,Boston Bull,1816.1208999999872,
base,gpt-4o,98,Boston Bull,1570.369699999901,
base,gpt-4o,99,Boston Bull,1538.405999999668,
base,gpt-4o,100,Bouvier Des Flandres,1464.8188999999547,
base,gpt-4o,101,Bouvier Des Flandres,1668.8439999998081,
base,gpt-4o,102,Bouvier Des Flandres,1750.8919000001697,
base,gpt-4o,103,Bouvier Des Flandres,1380.8595999998943,
base,gpt-4o,104,Bouvier Des Flandres,1526.238999999805,
base,gpt-4o,105,Boxer,1229.4671999998172,
base,gpt-4o,106,Boxer,1604.1190000005372,
base,gpt-4o,107,Boxer,1331.2997000002724,
base,gpt-4o,108,Boxer,1600.7755999999063,
base,gpt-4o,109,Boxer,1563.128400000096,
base,gpt-4o,110,Brabancon Griffon,1948.7639999997555,
base,gpt-4o,111,Brabancon Griffon,1654.0203000004112,
base,gpt-4o,112,Brabancon Griffon,1749.9169999991864,
base,gpt-4o,113,Brabancon Griffon,1528.1832999999097,
base,gpt-4o,114,Brabancon Griffon,1546.121200000016,
base,gpt-4o,115,Briard,1624.3214000005537,
base,gpt-4o,116,Briard,1596.4342999996006,
base,gpt-4o,117,Briard,1821.0442999998122,
base,gpt-4o,118,Briard,1628.4058999999615,
base,gpt-4o,119,Briard,4693.645600000309,
base,gpt-4o,120,Brittany Spaniel,1614.0816999995877,
base,gpt-4o,121,Brittany Spaniel,1751.4070999995965,
base,gpt-4o,122,Brittany Spaniel,2269.345699999576,
base,gpt-4o,123,Brittany Spaniel,1874.660400000721,
base,gpt-4o,124,Brittany Spaniel,1434.1285000000425,
base,gpt-4o,125,Bull Mastiff,1506.5551000006963,
base,gpt-4o,126,Bull Mastiff,1511.8694000002506,
base,gpt-4o,127,Bull Mastiff,1757.1338999996442,
base,gpt-4o,128,Bull Mastiff,1571.4129999996658,
base,gpt-4o,129,Bull Mastiff,1705.96310000019,
base,gpt-4o,130,Cairn,2116.9918000005055,
base,gpt-4o,131,Cairn,1592.1485000008033,
base,gpt-4o,132,Cairn,2239.997100000437,
base,gpt-4o,133,Cairn,1843.7178000003769,
base,gpt-4o,134,Cairn,1754.5065000003888,
base,gpt-4o,135,Cardigan,1563.682400000289,
base,gpt-4o,136,Cardigan,1873.4645000004093,
base,gpt-4o,137,Cardigan,1580.9108999992532,
base,gpt-4o,138,Cardigan,1495.6634000000122,
base,gpt-4o,139,Cardigan,1729.2351999994935,
base,gpt-4o,140,Chesapeake Bay Retriever,1358.063100000436,
base,gpt-4o,141,Chesapeake Bay Retriever,1514.2529000004288,
base,gpt-4o,142,Chesapeake Bay Retriever,1695.994100000462,
base,gpt-4o,143,Chesapeake Bay Retriever,1334.5948000005592,
base,gpt-4o,144,Chesapeake Bay Retriever,1682.0911999993768,
base,gpt-4o,145,Chihuahua,1342.749299999923,
base,gpt-4o,146,Chihuahua,1516.0106000002997,
base,gpt-4o,147,Chihuahua,1728.8300999998683,
base,gpt-4o,148,Chihuahua,1365.042600000379,
base,gpt-4o,149,Chihuahua,1701.1245000003328,
base,gpt-4o,150,Chow,2030.994799999462,
base,gpt-4o,151,Chow,1842.3754999994344,
base,gpt-4o,152,Chow,1222.7166000002399,
base,gpt-4o,153,Chow,1740.970599999855,
base,gpt-4o,154,Chow,1613.7596999997186,
base,gpt-4o,155,Clumber,1209.972900000139,
base,gpt-4o,156,Clumber,1507.2586000005685,
base,gpt-4o,157,Clumber,1223.3218999999735,
base,gpt-4o,158,Clumber,1680.8483000004344,
base,gpt-4o,159,Clumber,1628.2545000003665,
base,gpt-4o,160,Cocker Spaniel,1500.077799999417,
base,gpt-4o,161,Cocker Spaniel,1502.1204999993643,
base,gpt-4o,162,Cocker Spaniel,1826.0444000006828,
base,gpt-4o,163,Cocker Spaniel,1689.4867999999406,
base,gpt-4o,164,Cocker Spaniel,1418.9356999995653,
base,gpt-4o,165,Collie,1633.3470999998099,
base,gpt-4o,166,Collie,1549.9227999998766,
base,gpt-4o,167,Collie,1757.9617999999755,
base,gpt-4o,168,Collie,1483.317299999726,
base,gpt-4o,169,Collie,2069.8419999998805,
base,gpt-4o,170,Curly-Coated Retriever,1458.83909999975,
base,gpt-4o,171,Curly-Coated Retriever,1501.848400000199,
base,gpt-4o,172,Curly-Coated Retriever,1635.3995999998006,
base,gpt-4o,173,Curly-Coated Retriever,1844.0789999995104,
base,gpt-4o,174,Curly-Coated Retriever,1743.55259999993,
base,gpt-4o,175,Dandie Dinmont,1671.9844999997804,
base,gpt-4o,176,Dandie Dinmont,2095.7816999998613,
base,gpt-4o,177,Dandie Dinmont,1445.9747999999308,
base,gpt-4o,178,Dandie Dinmont,2255.8437999996386,
base,gpt-4o,179,Dandie Dinmont,1800.264900000002,
base,gpt-4o,180,Dhole,1786.9901000003665,
base,gpt-4o,181,Dhole,1528.2796000001326,
base,gpt-4o,182,Dhole,2367.957000000388,
base,gpt-4o,183,Dhole,1753.6473999998634,
base,gpt-4o,184,Dhole,1742.8765000004205,
base,gpt-4o,185,Dingo,1620.8889999998064,
base,gpt-4o,186,Dingo,1666.534099999808,
base,gpt-4o,187,Dingo,1911.3977999995768,
base,gpt-4o,188,Dingo,1738.8187999995353,
base,gpt-4o,189,Dingo,1647.04570000049,
base,gpt-4o,190,Doberman,1927.3744000001898,
base,gpt-4o,191,Doberman,1543.595699999969,
base,gpt-4o,192,Doberman,1621.1813999998412,
base,gpt-4o,193,Doberman,1954.7545000004902,
base,gpt-4o,194,Doberman,1339.1222999998718,
base,gpt-4o,195,English Foxhound,1053.6583000002793,
base,gpt-4o,196,English Foxhound,2325.3960000001825,
base,gpt-4o,197,English Foxhound,1795.8905999994386,
base,gpt-4o,198,English Foxhound,1472.4974000000657,
base,gpt-4o,199,English Foxhound,1916.1520999996355,
base,gpt-4o,200,English Setter,1467.2722000004796,
base,gpt-4o,201,English Setter,1207.806299999902,
base,gpt-4o,202,English Setter,1653.1748999996125,
base,gpt-4o,203,English Setter,1453.8609000001088,
base,gpt-4o,204,English Setter,1764.9213000004238,
base,gpt-4o,205,English Springer,1429.3183999998291,
base,gpt-4o,206,English Springer,1804.0759000004982,
base,gpt-4o,207,English Springer,1516.5606999999,
base,gpt-4o,208,English Springer,1666.5690999998333,
base,gpt-4o,209,English Springer,1629.169499999989,
base,gpt-4o,210,Entlebucher,2141.5332000005947,
base,gpt-4o,211,Entlebucher,1441.7665000000852,
base,gpt-4o,212,Entlebucher,1559.4099999998434,
base,gpt-4o,213,Entlebucher,1700.725799999418,
base,gpt-4o,214,Entlebucher,1546.7535000007047,
base,gpt-4o,215,Eskimo Dog,1834.649499999614,
base,gpt-4o,216,Eskimo Dog,1556.9496000007348,
base,gpt-4o,217,Eskimo Dog,1722.3828999995021,
base,gpt-4o,218,Eskimo Dog,1752.052000000731,
base,gpt-4o,219,Eskimo Dog,3787.6820000001317,
base,gpt-4o,220,Flat-Coated Retriever,1833.2385000003342,
base,gpt-4o,221,Flat-Coated Retriever,2074.297000000115,
base,gpt-4o,222,Flat-Coated Retriever,1823.3225000003586,
base,gpt-4o,223,Flat-Coated Retriever,1429.7500999991826,
base,gpt-4o,224,Flat-Coated Retriever,1634.1464999995878,
base,gpt-4o,225,French Bulldog,1745.3478000006726,
base,gpt-4o,226,French Bulldog,1728.120100000524,
base,gpt-4o,227,French Bulldog,2123.0477999997674,
base,gpt-4o,228,French Bulldog,2251.847099999395,
base,gpt-4o,229,French Bulldog,1991.6163000007145,
base,gpt-4o,230,German Shepherd,2143.6786999993274,
base,gpt-4o,231,German Shepherd,1534.2031000000134,
base,gpt-4o,232,German Shepherd,2552.0262000000002,
base,gpt-4o,233,German Shepherd,1798.237599999993,
base,gpt-4o,234,German Shepherd,1952.8844999995272,
base,gpt-4o,235,German Short-Haired Pointer,1543.0586000002222,
base,gpt-4o,236,German Short-Haired Pointer,1708.6362000000008,
base,gpt-4o,237,German Short-Haired Pointer,2732.688799999778,
base,gpt-4o,238,German Short-Haired Pointer,1769.6774000005462,
base,gpt-4o,239,German Short-Haired Pointer,2565.6729000002088,
base,gpt-4o,240,Giant Schnauzer,1601.7655000005107,
base,gpt-4o,241,Giant Schnauzer,1783.7437999996837,
base,gpt-4o,242,Giant Schnauzer,1904.5076000002155,
base,gpt-4o,243,Giant Schnauzer,1497.2454000007929,
base,gpt-4o,244,Giant Schnauzer,1350.8649999994304,
base,gpt-4o,245,Golden Retriever,1683.6501999996472,
base,gpt-4o,246,Golden Retriever,1325.3618999997343,
base,gpt-4o,247,Golden Retriever,1583.119999999326,
base,gpt-4o,248,Golden Retriever,1792.481399999815,
base,gpt-4o,249,Golden Retriever,1118.4940000002825,
base,gpt-4o,250,Gordon Setter,1736.8871999997282,
base,gpt-4o,251,Gordon Setter,1841.3151999993715,
base,gpt-4o,252,Gordon Setter,1252.4109999994835,
base,gpt-4o,253,Gordon Setter,1760.0437000000966,
base,gpt-4o,254,Gordon Setter,1869.829799999934,
base,gpt-4o,255,Great Dane,1965.1271000002453,
base,gpt-4o,256,Great Dane,1330.146300000706,
base,gpt-4o,257,Great Dane,1672.3092000001998,
base,gpt-4o,258,Great Dane,1607.4646000006396,
base,gpt-4o,259,Great Dane,1573.756499999945,
base,gpt-4o,260,Great Pyrenees,1862.434000000576,
base,gpt-4o,261,Great Pyrenees,1490.5197999996744,
base,gpt-4o,262,Great Pyrenees,1555.4558000003453,
base,gpt-4o,263,Great Pyrenees,1670.3620999996929,
base,gpt-4o,264,Great Pyrenees,1432.3424000003797,
base,gpt-4o,265,Greater Swiss Mountain Dog,2077.5751000001037,
base,gpt-4o,266,Greater Swiss Mountain Dog,1406.511899999714,
base,gpt-4o,267,Greater Swiss Mountain Dog,1134.6372999996674,
base,gpt-4o,268,Greater Swiss Mountain Dog,1287.7473999997164,
base,gpt-4o,269,Greater Swiss Mountain Dog,1473.1407999997828,
base,gpt-4o,270,Groenendael,1457.8685000005862,
base,gpt-4o,271,Groenendael,1725.0327000001562,
base,gpt-4o,272,Groenendael,1782.3951000000307,
base,gpt-4o,273,Groenendael,1346.5673000000606,
base,gpt-4o,274,Groenendael,1928.2118000000992,
base,gpt-4o,275,Ibizan Hound,1912.7207999999882,
base,gpt-4o,276,Ibizan Hound,1308.9802000004056,
base,gpt-4o,277,Ibizan Hound,2267.185500000778,
base,gpt-4o,278,Ibizan Hound,1585.5086000001393,
base,gpt-4o,279,Ibizan Hound,1332.4087999999392,
base,gpt-4o,280,Irish Setter,2466.691399999945,
base,gpt-4o,281,Irish Setter,2136.0622000001968,
base,gpt-4o,282,Irish Setter,1913.6319999997795,
base,gpt-4o,283,Irish Setter,2064.9507999996786,
base,gpt-4o,284,Irish Setter,1287.5622999999905,
base,gpt-4o,285,Irish Terrier,1560.7431000007637,
base,gpt-4o,286,Irish Terrier,1851.5612999999576,
base,gpt-4o,287,Irish Terrier,1499.0014000004521,
base,gpt-4o,288,Irish Terrier,1814.5871999995506,
base,gpt-4o,289,Irish Terrier,1729.1881999999532,
base,gpt-4o,290,Irish Water Spaniel,1364.1229000004387,
base,gpt-4o,291,Irish Water Spaniel,1655.9440000000905,
base,gpt-4o,292,Irish Water Spaniel,1695.1754000001529,
base,gpt-4o,293,Irish Water Spaniel,1339.203799999268,
base,gpt-4o,294,Irish Water Spaniel,1631.6616000003705,
base,gpt-4o,295,Irish Wolfhound,1222.9807000003348,
base,gpt-4o,296,Irish Wolfhound,2595.863100000315,
base,gpt-4o,297,Irish Wolfhound,1713.8193000000683,
base,gpt-4o,298,Irish Wolfhound,1293.087000000014,
base,gpt-4o,299,Irish Wolfhound,1424.1031999999905,
base,gpt-4o,300,Italian Greyhound,1434.604400000353,
base,gpt-4o,301,Italian Greyhound,1271.5581000002203,
base,gpt-4o,302,Italian Greyhound,1342.060599999968,
base,gpt-4o,303,Italian Greyhound,1958.298200000172,
base,gpt-4o,304,Italian Greyhound,1530.0796999999875,
base,gpt-4o,305,Japanese Spaniel,1314.2005999998219,
base,gpt-4o,306,Japanese Spaniel,1436.199800000395,
base,gpt-4o,307,Japanese Spaniel,1842.0005999996647,
base,gpt-4o,308,Japanese Spaniel,1495.3197000004366,
base,gpt-4o,309,Japanese Spaniel,1406.444900000679,
base,gpt-4o,310,Keeshond,1703.8580999997066,
base,gpt-4o,311,Keeshond,1612.5943999995798,
base,gpt-4o,312,Keeshond,1738.1563999997525,
base,gpt-4o,313,Keeshond,1629.1760000003705,
base,gpt-4o,314,Keeshond,1587.5994000007267,
base,gpt-4o,315,Kelpie,1693.8767999999982,
base,gpt-4o,316,Kelpie,1468.8293999997768,
base,gpt-4o,317,Kelpie,1784.161600000516,
base,gpt-4o,318,Kelpie,1787.9359999997178,
base,gpt-4o,319,Kelpie,1560.6489000001602,
base,gpt-4o,320,Kerry Blue Terrier,1553.8497999996252,
base,gpt-4o,321,Kerry Blue Terrier,1582.9406000002564,
base,gpt-4o,322,Kerry Blue Terrier,1545.6911999999647,
base,gpt-4o,323,Kerry Blue Terrier,1432.1692000003168,
base,gpt-4o,324,Kerry Blue Terrier,1602.7962999996817,
base,gpt-4o,325,Komondor,1658.3159000001615,
base,gpt-4o,326,Komondor,1298.217399999885,
base,gpt-4o,327,Komondor,1672.5959000004877,
base,gpt-4o,328,Komondor,1514.3123999996533,
base,gpt-4o,329,Komondor,1696.0496000001513,
base,gpt-4o,330,Kuvasz,1886.5136000003986,
base,gpt-4o,331,Kuvasz,1331.569099999797,
base,gpt-4o,332,Kuvasz,1550.398800000039,
base,gpt-4o,333,Kuvasz,1589.071100000183,
base,gpt-4o,334,Kuvasz,1859.4146999994337,
base,gpt-4o,335,Labrador Retriever,1734.2169000003196,
base,gpt-4o,336,Labrador Retriever,1750.3239999996367,
base,gpt-4o,337,Labrador Retriever,1712.9303000001528,
base,gpt-4o,338,Labrador Retriever,1469.6930999998585,
base,gpt-4o,339,Labrador Retriever,1567.5983000000997,
base,gpt-4o,340,Lakeland Terrier,3250.10199999997,
base,gpt-4o,341,Lakeland Terrier,1743.148100000326,
base,gpt-4o,342,Lakeland Terrier,1715.4751999996734,
base,gpt-4o,343,Lakeland Terrier,1573.6299000000145,
base,gpt-4o,344,Lakeland Terrier,1763.2411999993565,
base,gpt-4o,345,Leonberg,1538.1372000001647,
base,gpt-4o,346,Leonberg,1366.4648999993005,
base,gpt-4o,347,Leonberg,1765.6170000000202,
base,gpt-4o,348,Leonberg,1663.8026999999056,
base,gpt-4o,349,Leonberg,1480.2863000004436,
base,gpt-4o,350,Lhasa,1767.6001999998334,
base,gpt-4o,351,Lhasa,1558.9922999997725,
base,gpt-4o,352,Lhasa,1669.6971999999732,
base,gpt-4o,353,Lhasa,2265.4639000002135,
base,gpt-4o,354,Lhasa,1731.154900000547,
base,gpt-4o,355,Malamute,2012.9722000001493,
base,gpt-4o,356,Malamute,1661.1241000000518,
base,gpt-4o,357,Malamute,1647.0005000001038,
base,gpt-4o,358,Malamute,1664.4188000000213,
base,gpt-4o,359,Malamute,1734.8620000002484,
base,gpt-4o,360,Malinois,1648.6509999995178,
base,gpt-4o,361,Malinois,1212.2826000004352,
base,gpt-4o,362,Malinois,1725.061099999948,
base,gpt-4o,363,Malinois,1963.7028999995891,
base,gpt-4o,364,Malinois,1445.4630999998699,
base,gpt-4o,365,Maltese Dog,1176.3600999993287,
base,gpt-4o,366,Maltese Dog,1530.604399999902,
base,gpt-4o,367,Maltese Dog,1628.4117000004699,
base,gpt-4o,368,Maltese Dog,1419.3430999994234,
base,gpt-4o,369,Maltese Dog,1497.284299999592,
base,gpt-4o,370,Mexican Hairless,1785.1535999998305,
base,gpt-4o,371,Mexican Hairless,1992.5719000002573,
base,gpt-4o,372,Mexican Hairless,1398.3674000000974,
base,gpt-4o,373,Mexican Hairless,1309.3114999992395,
base,gpt-4o,374,Mexican Hairless,1313.6622000001807,
base,gpt-4o,375,Miniature Pinscher,1899.984399999994,
base,gpt-4o,376,Miniature Pinscher,1514.629799999966,
base,gpt-4o,377,Miniature Pinscher,1755.2535000004355,
base,gpt-4o,378,Miniature Pinscher,1725.8537000006982,
base,gpt-4o,379,Miniature Pinscher,1334.6803000004002,
base,gpt-4o,380,Miniature Poodle,2046.1441999996168,
base,gpt-4o,381,Miniature Poodle,1547.8154000002178,
base,gpt-4o,382,Miniature Poodle,1603.220500000134,
base,gpt-4o,383,Miniature Poodle,1682.428500000242,
base,gpt-4o,384,Miniature Poodle,1547.2034000003987,
base,gpt-4o,385,Miniature Schnauzer,1663.7203000000227,
base,gpt-4o,386,Miniature Schnauzer,1528.2755000007455,
base,gpt-4o,387,Miniature Schnauzer,1565.0324000007458,
base,gpt-4o,388,Miniature Schnauzer,1503.2783999995445,
base,gpt-4o,389,Miniature Schnauzer,1723.0988000001162,
base,gpt-4o,390,Newfoundland,2022.2667999996702,
base,gpt-4o,391,Newfoundland,1809.5448999993096,
base,gpt-4o,392,Newfoundland,1608.228699999927,
base,gpt-4o,393,Newfoundland,1668.6685999993642,
base,gpt-4o,394,Newfoundland,1198.678600000676,
base,gpt-4o,395,Norfolk Terrier,1671.9966999999087,
base,gpt-4o,396,Norfolk Terrier,1261.4066999994975,
base,gpt-4o,397,Norfolk Terrier,1512.7615999999762,
base,gpt-4o,398,Norfolk Terrier,1772.0735000002605,
base,gpt-4o,399,Norfolk Terrier,1131.2465999999404,
base,gpt-4o,400,Norwegian Elkhound,1551.7759000003934,
base,gpt-4o,401,Norwegian Elkhound,2018.2158000006893,
base,gpt-4o,402,Norwegian Elkhound,1597.0810999997411,
base,gpt-4o,403,Norwegian Elkhound,1701.5541999999186,
base,gpt-4o,404,Norwegian Elkhound,1657.4550999994244,
base,gpt-4o,405,Norwich Terrier,1462.1081000004779,
base,gpt-4o,406,Norwich Terrier,1391.0306999996465,
base,gpt-4o,407,Norwich Terrier,1619.7970000002897,
base,gpt-4o,408,Norwich Terrier,1725.79769999993,
base,gpt-4o,409,Norwich Terrier,2519.625100000667,
base,gpt-4o,410,Old English Sheepdog,1609.515399999509,
base,gpt-4o,411,Old English Sheepdog,1325.9017000000313,
base,gpt-4o,412,Old English Sheepdog,1558.95000000055,
base,gpt-4o,413,Old English Sheepdog,1657.1839999996882,
base,gpt-4o,414,Old English Sheepdog,1479.6535000004951,
base,gpt-4o,415,Otterhound,1428.851300000133,
base,gpt-4o,416,Otterhound,1928.5343000001376,
base,gpt-4o,417,Otterhound,1537.017300000116,
base,gpt-4o,418,Otterhound,1380.3796000001967,
base,gpt-4o,419,Otterhound,1598.570899999686,
base,gpt-4o,420,Papillon,1488.8860000000932,
base,gpt-4o,421,Papillon,1607.441199999812,
base,gpt-4o,422,Papillon,1606.548799999473,
base,gpt-4o,423,Papillon,2129.210299999613,
base,gpt-4o,424,Papillon,1616.2449000003107,
base,gpt-4o,425,Pekinese,1557.9753000001801,
base,gpt-4o,426,Pekinese,1775.496000000203,
base,gpt-4o,427,Pekinese,3196.468900000582,
base,gpt-4o,428,Pekinese,2329.7297000008257,
base,gpt-4o,429,Pekinese,2024.2970999997851,
base,gpt-4o,430,Pembroke,1563.390100000106,
base,gpt-4o,431,Pembroke,1809.2256999998426,
base,gpt-4o,432,Pembroke,1818.8070999995034,
base,gpt-4o,433,Pembroke,1412.1909000004962,
base,gpt-4o,434,Pembroke,1645.5833999998504,
base,gpt-4o,435,Pomeranian,1742.2119999991992,
base,gpt-4o,436,Pomeranian,1734.4305999995413,
base,gpt-4o,437,Pomeranian,1703.2097000001158,
base,gpt-4o,438,Pomeranian,1859.7706000000471,
base,gpt-4o,439,Pomeranian,1759.7969999997076,
base,gpt-4o,440,Pug,1699.790600000597,
base,gpt-4o,441,Pug,1640.7887000004848,
base,gpt-4o,442,Pug,1703.9830000003349,
base,gpt-4o,443,Pug,1663.337799999681,
base,gpt-4o,444,Pug,1320.3270000003613,
base,gpt-4o,445,Redbone,1864.6372000002884,
base,gpt-4o,446,Redbone,1808.6419000001115,
base,gpt-4o,447,Redbone,1782.2402000001603,
base,gpt-4o,448,Redbone,3206.5314999999828,
base,gpt-4o,449,Redbone,1745.3411999995296,
base,gpt-4o,450,Rhodesian Ridgeback,1489.1293000000587,
base,gpt-4o,451,Rhodesian Ridgeback,1852.1104999999807,
base,gpt-4o,452,Rhodesian Ridgeback,1473.0367000001934,
base,gpt-4o,453,Rhodesian Ridgeback,1192.380000000412,
base,gpt-4o,454,Rhodesian Ridgeback,1682.1280000003753,
base,gpt-4o,455,Rottweiler,1573.745599999711,
base,gpt-4o,456,Rottweiler,1403.545899999699,
base,gpt-4o,457,Rottweiler,1433.000699999866,
base,gpt-4o,458,Rottweiler,1505.2666999999929,
base,gpt-4o,459,Rottweiler,1632.9022999998415,
base,gpt-4o,460,Saint Bernard,1708.4844999999405,
base,gpt-4o,461,Saint Bernard,1262.5636000002487,
base,gpt-4o,462,Saint Bernard,1651.1592999995628,
base,gpt-4o,463,Saint Bernard,1599.0458000005674,
base,gpt-4o,464,Saint Bernard,1524.1839999998774,
base,gpt-4o,465,Saluki,1869.6524999995745,
base,gpt-4o,466,Saluki,1750.998499999696,
base,gpt-4o,467,Saluki,1506.0524000000441,
base,gpt-4o,468,Saluki,1550.6838999999673,
base,gpt-4o,469,Saluki,1556.5546999996513,
base,gpt-4o,470,Samoyed,1597.638299999744,
base,gpt-4o,471,Samoyed,1696.8505999993795,
base,gpt-4o,472,Samoyed,1452.6551999997537,
base,gpt-4o,473,Samoyed,1538.390800000343,
base,gpt-4o,474,Samoyed,1561.7077999995672,
base,gpt-4o,475,Schipperke,1735.3815999995277,
base,gpt-4o,476,Schipperke,1513.0521000000954,
base,gpt-4o,477,Schipperke,1954.8921000005066,
base,gpt-4o,478,Schipperke,1872.5579000001744,
base,gpt-4o,479,Schipperke,1660.62090000014,
base,gpt-4o,480,Scotch Terrier,1531.8050000005314,
base,gpt-4o,481,Scotch Terrier,2504.940899999383,
base,gpt-4o,482,Scotch Terrier,1794.062599999961,
base,gpt-4o,483,Scotch Terrier,1851.824299999862,
base,gpt-4o,484,Scotch Terrier,1894.595400000071,
base,gpt-4o,485,Scottish Deerhound,1633.4249999999884,
base,gpt-4o,486,Scottish Deerhound,1619.6131999995487,
base,gpt-4o,487,Scottish Deerhound,1580.8858999998847,
base,gpt-4o,488,Scottish Deerhound,1814.56370000069,
base,gpt-4o,489,Scottish Deerhound,1647.370900000169,
base,gpt-4o,490,Sealyham Terrier,1331.3120000002527,
base,gpt-4o,491,Sealyham Terrier,1192.2223999999915,
base,gpt-4o,492,Sealyham Terrier,1328.0785999995715,
base,gpt-4o,493,Sealyham Terrier,1227.755600000819,
base,gpt-4o,494,Sealyham Terrier,1539.0427000002092,
base,gpt-4o,495,Shetland Sheepdog,1648.9424999999756,
base,gpt-4o,496,Shetland Sheepdog,1325.4014000003735,
base,gpt-4o,497,Shetland Sheepdog,1686.6181000004872,
base,gpt-4o,498,Shetland Sheepdog,1697.0649000004414,
base,gpt-4o,499,Shetland Sheepdog,1667.2770000004675,
base,gpt-4o,500,Shih-Tzu,1635.582599999907,
base,gpt-4o,501,Shih-Tzu,1258.183399999325,
base,gpt-4o,502,Shih-Tzu,1370.1439999995273,
base,gpt-4o,503,Shih-Tzu,1649.872900000446,
base,gpt-4o,504,Shih-Tzu,2285.635100000036,
base,gpt-4o,505,Siberian Husky,2297.8229999998803,
base,gpt-4o,506,Siberian Husky,1462.174899999809,
base,gpt-4o,507,Siberian Husky,2356.0099999995145,
base,gpt-4o,508,Siberian Husky,1483.8961999994353,
base,gpt-4o,509,Siberian Husky,1488.4801999996853,
base,gpt-4o,510,Silky Terrier,1644.472400000268,
base,gpt-4o,511,Silky Terrier,1137.6931000004333,
base,gpt-4o,512,Silky Terrier,1403.2483000000866,
base,gpt-4o,513,Silky Terrier,1540.80409999915,
base,gpt-4o,514,Silky Terrier,1682.2321999998167,
base,gpt-4o,515,Soft-Coated Wheaten Terrier,1495.9443999996438,
base,gpt-4o,516,Soft-Coated Wheaten Terrier,1526.326400000471,
base,gpt-4o,517,Soft-Coated Wheaten Terrier,1850.8175999995728,
base,gpt-4o,518,Soft-Coated Wheaten Terrier,1615.7303999998476,
base,gpt-4o,519,Soft-Coated Wheaten Terrier,1302.8595000005225,
base,gpt-4o,520,Staffordshire Bullterrier,2432.8527999996368,
base,gpt-4o,521,Staffordshire Bullterrier,1907.6497000005475,
base,gpt-4o,522,Staffordshire Bullterrier,1232.23550000057,
base,gpt-4o,523,Staffordshire Bullterrier,2149.862600000233,
base,gpt-4o,524,Staffordshire Bullterrier,1351.0833999998795,
base,gpt-4o,525,Standard Poodle,1295.6899999999223,
base,gpt-4o,526,Standard Poodle,1419.1144000005806,
base,gpt-4o,527,Standard Poodle,1848.6027999997532,
base,gpt-4o,528,Standard Poodle,1868.470200000047,
base,gpt-4o,529,Standard Poodle,1599.128799999562,
base,gpt-4o,530,Standard Schnauzer,1654.3415000005552,
base,gpt-4o,531,Standard Schnauzer,1411.494699999821,
base,gpt-4o,532,Standard Schnauzer,1572.048399999403,
base,gpt-4o,533,Standard Schnauzer,1399.074500000097,
base,gpt-4o,534,Standard Schnauzer,1644.237699999394,
base,gpt-4o,535,Sussex Spaniel,1624.7130000001562,
base,gpt-4o,536,Sussex Spaniel,1700.616899999659,
base,gpt-4o,537,Sussex Spaniel,1591.0044999991442,
base,gpt-4o,538,Sussex Spaniel,1659.6042000001034,
base,gpt-4o,539,Sussex Spaniel,1749.399500000436,
base,gpt-4o,540,Tibetan Mastiff,2236.420199999884,
base,gpt-4o,541,Tibetan Mastiff,1574.6739999995043,
base,gpt-4o,542,Tibetan Mastiff,1690.8048999994207,
base,gpt-4o,543,Tibetan Mastiff,1234.6317000001363,
base,gpt-4o,544,Tibetan Mastiff,1587.9525999998805,
base,gpt-4o,545,Tibetan Terrier,1606.6956999993636,
base,gpt-4o,546,Tibetan Terrier,1954.7827999995206,
base,gpt-4o,547,Tibetan Terrier,1792.0876999996835,
base,gpt-4o,548,Tibetan Terrier,2179.74680000043,
base,gpt-4o,549,Tibetan Terrier,1639.6818000002895,
base,gpt-4o,550,Toy Poodle,1548.9761999997427,
base,gpt-4o,551,Toy Poodle,1619.865700000446,
base,gpt-4o,552,Toy Poodle,1537.1532999997726,
base,gpt-4o,553,Toy Poodle,1664.9226999998064,
base,gpt-4o,554,Toy Poodle,1900.0346000002537,
base,gpt-4o,555,Toy Terrier,1700.8400000004258,
base,gpt-4o,556,Toy Terrier,1633.1382999997004,
base,gpt-4o,557,Toy Terrier,1550.4071999994267,
base,gpt-4o,558,Toy Terrier,1576.1591000000408,
base,gpt-4o,559,Toy Terrier,1662.089699999342,
base,gpt-4o,560,Vizsla,1895.9148000003552,
base,gpt-4o,561,Vizsla,1614.8733999998512,
base,gpt-4o,562,Vizsla,1706.47579999968,
base,gpt-4o,563,Vizsla,1395.2308000007179,
base,gpt-4o,564,Vizsla,1456.2201999997342,
base,gpt-4o,565,Walker Hound,1543.1605999992826,
base,gpt-4o,566,Walker Hound,1514.1601999994236,
base,gpt-4o,567,Walker Hound,1740.686000000096,
base,gpt-4o,568,Walker Hound,1499.687499999709,
base,gpt-4o,569,Walker Hound,1668.8594999995985,
base,gpt-4o,570,Weimaraner,1341.5914999995948,
base,gpt-4o,571,Weimaraner,1530.9239999996862,
base,gpt-4o,572,Weimaraner,1610.6506999994963,
base,gpt-4o,573,Weimaraner,1772.3794000003181,
base,gpt-4o,574,Weimaraner,1885.5483999996068,
base,gpt-4o,575,Welsh Springer Spaniel,1815.847799999574,
base,gpt-4o,576,Welsh Springer Spaniel,1731.8003000000317,
base,gpt-4o,577,Welsh Springer Spaniel,1693.455200000244,
base,gpt-4o,578,Welsh Springer Spaniel,1948.6993999998958,
base,gpt-4o,579,Welsh Springer Spaniel,1543.6577999998917,
base,gpt-4o,580,West Highland White Terrier,1668.953700000202,
base,gpt-4o,581,West Highland White Terrier,1988.026400000308,
base,gpt-4o,582,West Highland White Terrier,1436.7630000006102,
base,gpt-4o,583,West Highland White Terrier,1826.5033999996376,
base,gpt-4o,584,West Highland White Terrier,1327.3675999998886,
base,gpt-4o,585,Whippet,1783.74950000034,
base,gpt-4o,586,Whippet,2036.2113000001045,
base,gpt-4o,587,Whippet,1637.6033999995343,
base,gpt-4o,588,Whippet,1383.3169999998063,
base,gpt-4o,589,Whippet,1623.899100000017,
base,gpt-4o,590,Wire-Haired Fox Terrier,1279.5751000003293,
base,gpt-4o,591,Wire-Haired Fox Terrier,1598.5615999998117,
base,gpt-4o,592,Wire-Haired Fox Terrier,1536.3400999995065,
base,gpt-4o,593,Wire-Haired Fox Terrier,1630.4080999998405,
base,gpt-4o,594,Wire-Haired Fox Terrier,1619.4248000001608,
base,gpt-4o,595,Yorkshire Terrier,1561.7391000005227,
base,gpt-4o,596,Yorkshire Terrier,1659.5590999995693,
base,gpt-4o,597,Yorkshire Terrier,1534.2909999999392,
base,gpt-4o,598,Yorkshire Terrier,1585.8200000002398,
base,gpt-4o,599,Yorkshire Terrier,1709.6268999994209,
fine_tuned,gpt-4o-2024-08-06-ft,0,Affenpinscher,1658.27470000022,
fine_tuned,gpt-4o-2024-08-06-ft,1,Affenpinscher,2028.2317000001058,
fine_tuned,gpt-4o-2024-08-06-ft,2,Affenpinscher,1748.9324999996825,
fine_tuned,gpt-4o-2024-08-06-ft,3,Affenpinscher,1575.8012000005692,
fine_tuned,gpt-4o-2024-08-06-ft,4,Affenpinscher,1354.2250999998942,
fine_tuned,gpt-4o-2024-08-06-ft,5,Afghan Hound,1747.820600000523,
fine_tuned,gpt-4o-2024-08-06-ft,6,Afghan Hound,1320.602300000246,
fine_tuned,gpt-4o-2024-08-06-ft,7,Afghan Hound,1836.5712999993775,
fine_tuned,gpt-4o-2024-08-06-ft,8,Afghan Hound,1402.7538999998796,
fine_tuned,gpt-4o-2024-08-06-ft,9,Afghan Hound,2208.9416000007986,
fine_tuned,gpt-4o-2024-08-06-ft,10,African Hunting Dog,1458.2642999994277,
fine_tuned,gpt-4o-2024-08-06-ft,11,African Hunting Dog,1915.7642999998643,
fine_tuned,gpt-4o-2024-08-06-ft,12,African Hunting Dog,1991.3946000006035,
fine_tuned,gpt-4o-2024-08-06-ft,13,African Hunting Dog,2087.148999999954,
fine_tuned,gpt-4o-2024-08-06-ft,14,African Hunting Dog,1905.57919999992,
fine_tuned,gpt-4o-2024-08-06-ft,15,Airedale,1876.9754000004468,
fine_tuned,gpt-4o-2024-08-06-ft,16,Airedale,1656.8587000001571,
fine_tuned,gpt-4o-2024-08-06-ft,17,Airedale,1819.2963999999847,
fine_tuned,gpt-4o-2024-08-06-ft,18,Airedale,2362.881000000016,
fine_tuned,gpt-4o-2024-08-06-ft,19,Airedale,1704.363299999386,
fine_tuned,gpt-4o-2024-08-06-ft,20,American Staffordshire Terrier,1439.4228000001021,
fine_tuned,gpt-4o-2024-08-06-ft,21,American Staffordshire Terrier,1734.657199999674,
fine_tuned,gpt-4o-2024-08-06-ft,22,American Staffordshire Terrier,3234.9001000002318,
fine_tuned,gpt-4o-2024-08-06-ft,23,American Staffordshire Terrier,1708.2857000004879,
fine_tuned,gpt-4o-2024-08-06-ft,24,American Staffordshire Terrier,1604.3754000002082,
fine_tuned,gpt-4o-2024-08-06-ft,25,Appenzeller,1514.44150000043,
fine_tuned,gpt-4o-2024-08-06-ft,26,Appenzeller,1740.1038999996672,
fine_tuned,gpt-4o-2024-08-06-ft,27,Appenzeller,1334.7592000000077,
fine_tuned,gpt-4o-2024-08-06-ft,28,Appenzeller,1692.4941999996008,
fine_tuned,gpt-4o-2024-08-06-ft,29,Appenzeller,1682.112600000437,
fine_tuned,gpt-4o-2024-08-06-ft,30,Australian Terrier,1210.1166000002195,
fine_tuned,gpt-4o-2024-08-06-ft,31,Australian Terrier,1224.8163999993267,
fine_tuned,gpt-4o-2024-08-06-ft,32,Australian Terrier,1422.4002999999357,
fine_tuned,gpt-4o-2024-08-06-ft,33,Australian Terrier,1317.7684000002046,
fine_tuned,gpt-4o-2024-08-06-ft,34,Australian Terrier,1244.4014000002426,
fine_tuned,gpt-4o-2024-08-06-ft,35,Basenji,1596.2744999997085,
fine_tuned,gpt-4o-2024-08-06-ft,36,Basenji,2150.412099999812,
fine_tuned,gpt-4o-2024-08-06-ft,37,Basenji,1870.2026000000842,
fine_tuned,gpt-4o-2024-08-06-ft,38,Basenji,1278.7347000003138,
fine_tuned,gpt-4o-2024-08-06-ft,39,Basenji,1669.2424000002575,
fine_tuned,gpt-4o-2024-08-06-ft,40,Basset,1192.9669999999533,
fine_tuned,gpt-4o-2024-08-06-ft,41,Basset,1449.8361999994813,
fine_tuned,gpt-4o-2024-08-06-ft,42,Basset,1735.3336999995008,
fine_tuned,gpt-4o-2024-08-06-ft,43,Basset,1493.4904000001552,
fine_tuned,gpt-4o-2024-08-06-ft,44,Basset,1600.7515999999669,
fine_tuned,gpt-4o-2024-08-06-ft,45,Beagle,1710.8421000002636,
fine_tuned,gpt-4o-2024-08-06-ft,46,Beagle,2080.9528999998292,
fine_tuned,gpt-4o-2024-08-06-ft,47,Beagle,1577.7264999996987,
fine_tuned,gpt-4o-2024-08-06-ft,48,Beagle,1150.7029000003968,
fine_tuned,gpt-4o-2024-08-06-ft,49,Beagle,1356.3696999999593,
fine_tuned,gpt-4o-2024-08-06-ft,50,Bedlington Terrier,1601.4719999993758,
fine_tuned,gpt-4o-2024-08-06-ft,51,Bedlington Terrier,1441.8823999994856,
fine_tuned,gpt-4o-2024-08-06-ft,52,Bedlington Terrier,1636.4284999999654,
fine_tuned,gpt-4o-2024-08-06-ft,53,Bedlington Terrier,1496.3467000006858,
fine_tuned,gpt-4o-2024-08-06-ft,54,Bedlington Terrier,1242.8366000003734,
fine_tuned,gpt-4o-2024-08-06-ft,55,Bernese Mountain Dog,1757.6344999997673,
fine_tuned,gpt-4o-2024-08-06-ft,56,Bernese Mountain Dog,1921.32649999985,
fine_tuned,gpt-4o-2024-08-06-ft,57,Bernese Mountain Dog,1601.9159000006766,
fine_tuned,gpt-4o-2024-08-06-ft,58,Bernese Mountain Dog,1643.264199999976,
fine_tuned,gpt-4o-2024-08-06-ft,59,Bernese Mountain Dog,1647.2766999995656,
fine_tuned,gpt-4o-2024-08-06-ft,60,Black-And-Tan Coonhound,1443.8236999994842,
fine_tuned,gpt-4o-2024-08-06-ft,61,Black-And-Tan Coonhound,1385.5690999998842,
fine_tuned,gpt-4o-2024-08-06-ft,62,Black-And-Tan Coonhound,1853.4534999998868,
fine_tuned,gpt-4o-2024-08-06-ft,63,Black-And-Tan Coonhound,1354.313099999672,
fine_tuned,gpt-4o-2024-08-06-ft,64,Black-And-Tan Coonhound,1647.6086000002397,
fine_tuned,gpt-4o-2024-08-06-ft,65,Blenheim Spaniel,1418.0220000007466,
fine_tuned,gpt-4o-2024-08-06-ft,66,Blenheim Spaniel,1483.4429000002274,
fine_tuned,gpt-4o-2024-08-06-ft,67,Blenheim Spaniel,1346.9395000001896,
fine_tuned,gpt-4o-2024-08-06-ft,68,Blenheim Spaniel,1417.0214000005217,
fine_tuned,gpt-4o-2024-08-06-ft,69,Blenheim Spaniel,1210.7485000005909,
fine_tuned,gpt-4o-2024-08-06-ft,70,Bloodhound,1720.2654999991864,
fine_tuned,gpt-4o-2024-08-06-ft,71,Bloodhound,1266.1552999998094,
fine_tuned,gpt-4o-2024-08-06-ft,72,Bloodhound,1249.5774999997593,
fine_tuned,gpt-4o-2024-08-06-ft,73,Bloodhound,1445.8511000002545,
fine_tuned,gpt-4o-2024-08-06-ft,74,Bloodhound,1330.1390000005995,
fine_tuned,gpt-4o-2024-08-06-ft,75,Bluetick,1657.9867999998896,
fine_tuned,gpt-4o-2024-08-06-ft,76,Bluetick,1383.3008999999947,
fine_tuned,gpt-4o-2024-08-06-ft,77,Bluetick,1508.2413000000088,
fine_tuned,gpt-4o-2024-08-06-ft,78,Bluetick,1690.8978000001298,
fine_tuned,gpt-4o-2024-08-06-ft,79,Bluetick,1450.56250000016,
fine_tuned,gpt-4o-2024-08-06-ft,80,Border Collie,1532.6217000001634,
fine_tuned,gpt-4o-2024-08-06-ft,81,Border Collie,1503.8441999995484,
fine_tuned,gpt-4o-2024-08-06-ft,82,Border Collie,1566.0987000001114,
fine_tuned,gpt-4o-2024-08-06-ft,83,Border Collie,1347.2333999998227,
fine_tuned,gpt-4o-2024-08-06-ft,84,Border Collie,1569.4551000005958,
fine_tuned,gpt-4o-2024-08-06-ft,85,Border Terrier,1345.7001999995555,
fine_tuned,gpt-4o-2024-08-06-ft,86,Border Terrier,1632.0605999999316,
fine_tuned,gpt-4o-2024-08-06-ft,87,Border Terrier,1222.0720999994228,
fine_tuned,gpt-4o-2024-08-06-ft,88,Border Terrier,1467.9529999993974,
fine_tuned,gpt-4o-2024-08-06-ft,89,Border Terrier,1145.0995000004696,
fine_tuned,gpt-4o-2024-08-06-ft,90,Borzoi,1154.5475000002625,
fine_tuned,gpt-4o-2024-08-06-ft,91,Borzoi,1614.0446999997948,
fine_tuned,gpt-4o-2024-08-06-ft,92,Borzoi,1595.2704000001177,
fine_tuned,gpt-4o-2024-08-06-ft,93,Borzoi,1247.6717999998073,
fine_tuned,gpt-4o-2024-08-06-ft,94,Borzoi,1663.4601000005205,
fine_tuned,gpt-4o-2024-08-06-ft,95,Boston Bull,1503.2293000003847,
fine_tuned,gpt-4o-2024-08-06-ft,96,Boston Bull,1611.0601000000315,
fine_tuned,gpt-4o-2024-08-06-ft,97,Boston Bull,1600.6538999999975,
fine_tuned,gpt-4o-2024-08-06-ft,98,Boston Bull,1483.0365999996502,
fine_tuned,gpt-4o-2024-08-06-ft,99,Boston Bull,1524.8800999997911,
fine_tuned,gpt-4o-2024-08-06-ft,100,Bouvier Des Flandres,1350.0567999999475,
fine_tuned,gpt-4o-2024-08-06-ft,101,Bouvier Des Flandres,1498.8640999999916,
fine_tuned,gpt-4o-2024-08-06-ft,102,Bouvier Des Flandres,1888.3010000008653,
fine_tuned,gpt-4o-2024-08-06-ft,103,Bouvier Des Flandres,1456.9720999998026,
fine_tuned,gpt-4o-2024-08-06-ft,104,Bouvier Des Flandres,1553.014200000689,
fine_tuned,gpt-4o-2024-08-06-ft,105,Boxer,1291.6337000006024,
fine_tuned,gpt-4o-2024-08-06-ft,106,Boxer,1561.9707000005292,
fine_tuned,gpt-4o-2024-08-06-ft,107,Boxer,1307.9922000006263,
fine_tuned,gpt-4o-2024-08-06-ft,108,Boxer,1472.1551999991789,
fine_tuned,gpt-4o-2024-08-06-ft,109,Boxer,1597.344200000407,
fine_tuned,gpt-4o-2024-08-06-ft,110,Brabancon Griffon,1391.3548000000446,
fine_tuned,gpt-4o-2024-08-06-ft,111,Brabancon Griffon,1412.68349999973,
fine_tuned,gpt-4o-2024-08-06-ft,112,Brabancon Griffon,1265.172000000348,
fine_tuned,gpt-4o-2024-08-06-ft,113,Brabancon Griffon,1331.668499999978,
fine_tuned,gpt-4o-2024-08-06-ft,114,Brabancon Griffon,1229.5592000000397,
fine_tuned,gpt-4o-2024-08-06-ft,115,Briard,1532.8096000002915,
fine_tuned,gpt-4o-2024-08-06-ft,116,Briard,1406.9982000000891,
fine_tuned,gpt-4o-2024-08-06-ft,117,Briard,1545.7472999996753,
fine_tuned,gpt-4o-2024-08-06-ft,118,Briard,1616.5335999994568,
fine_tuned,gpt-4o-2024-08-06-ft,119,Briard,1631.1513999999079,
fine_tuned,gpt-4o-2024-08-06-ft,120,Brittany Spaniel,1438.7576000008266,
fine_tuned,gpt-4o-2024-08-06-ft,121,Brittany Spaniel,1245.531999999912,
fine_tuned,gpt-4o-2024-08-06-ft,122,Brittany Spaniel,1731.2117999999828,
fine_tuned,gpt-4o-2024-08-06-ft,123,Brittany Spaniel,1585.9132000005047,
fine_tuned,gpt-4o-2024-08-06-ft,124,Brittany Spaniel,1107.4122999998508,
fine_tuned,gpt-4o-2024-08-06-ft,125,Bull Mastiff,1145.6140000000232,
fine_tuned,gpt-4o-2024-08-06-ft,126,Bull Mastiff,1527.6239999993777,
fine_tuned,gpt-4o-2024-08-06-ft,127,Bull Mastiff,1514.4648999994388,
fine_tuned,gpt-4o-2024-08-06-ft,128,Bull Mastiff,1500.5991999996695,
fine_tuned,gpt-4o-2024-08-06-ft,129,Bull Mastiff,1683.6745999999039,
fine_tuned,gpt-4o-2024-08-06-ft,130,Cairn,1667.065999999977,
fine_tuned,gpt-4o-2024-08-06-ft,131,Cairn,1557.3851999997714,
fine_tuned,gpt-4o-2024-08-06-ft,132,Cairn,1722.4459999997634,
fine_tuned,gpt-4o-2024-08-06-ft,133,Cairn,1425.1699999995253,
fine_tuned,gpt-4o-2024-08-06-ft,134,Cairn,1633.8245000006282,
fine_tuned,gpt-4o-2024-08-06-ft,135,Cardigan,1445.053800000096,
fine_tuned,gpt-4o-2024-08-06-ft,136,Cardigan,1473.4214000000065,
fine_tuned,gpt-4o-2024-08-06-ft,137,Cardigan,1483.1070000000182,
fine_tuned,gpt-4o-2024-08-06-ft,138,Cardigan,1330.4197999996177,
fine_tuned,gpt-4o-2024-08-06-ft,139,Cardigan,1700.7801999998264,
fine_tuned,gpt-4o-2024-08-06-ft,140,Chesapeake Bay Retriever,1250.0067000000854,
fine_tuned,gpt-4o-2024-08-06-ft,141,Chesapeake Bay Retriever,1614.284499999485,
fine_tuned,gpt-4o-2024-08-06-ft,142,Chesapeake Bay Retriever,1314.0153999993345,
fine_tuned,gpt-4o-2024-08-06-ft,143,Chesapeake Bay Retriever,1281.5802000004624,
fine_tuned,gpt-4o-2024-08-06-ft,144,Chesapeake Bay Retriever,1528.3905999995113,
fine_tuned,gpt-4o-2024-08-06-ft,145,Chihuahua,1278.821699999753,
fine_tuned,gpt-4o-2024-08-06-ft,146,Chihuahua,1489.8363000002064,
fine_tuned,gpt-4o-2024-08-06-ft,147,Chihuahua,1189.8740999995425,
fine_tuned,gpt-4o-2024-08-06-ft,148,Chihuahua,1227.008200000455,
fine_tuned,gpt-4o-2024-08-06-ft,149,Chihuahua,1482.6654999997118,
fine_tuned,gpt-4o-2024-08-06-ft,150,Chow,1618.0154000003313,
fine_tuned,gpt-4o-2024-08-06-ft,151,Chow,1273.4468999997262,
fine_tuned,gpt-4o-2024-08-06-ft,152,Chow,1143.80170000004,
fine_tuned,gpt-4o-2024-08-06-ft,153,Chow,1611.6308000000572,
fine_tuned,gpt-4o-2024-08-06-ft,154,Chow,1033.0568999997922,
fine_tuned,gpt-4o-2024-08-06-ft,155,Clumber,1263.6894999996002,
fine_tuned,gpt-4o-2024-08-06-ft,156,Clumber,1230.33630000009,
fine_tuned,gpt-4o-2024-08-06-ft,157,Clumber,1043.4526999997615,
fine_tuned,gpt-4o-2024-08-06-ft,158,Clumber,1562.7841999994416,
fine_tuned,gpt-4o-2024-08-06-ft,159,Clumber,1572.932199999741,
fine_tuned,gpt-4o-2024-08-06-ft,160,Cocker Spaniel,1573.915200000556,
fine_tuned,gpt-4o-2024-08-06-ft,161,Cocker Spaniel,1629.2480000001888,
fine_tuned,gpt-4o-2024-08-06-ft,162,Cocker Spaniel,1740.8423999995648,
fine_tuned,gpt-4o-2024-08-06-ft,163,Cocker Spaniel,3381.8013999998584,
fine_tuned,gpt-4o-2024-08-06-ft,164,Cocker Spaniel,1235.9237999999095,
fine_tuned,gpt-4o-2024-08-06-ft,165,Collie,1512.178899999526,
fine_tuned,gpt-4o-2024-08-06-ft,166,Collie,1478.1357000001663,
fine_tuned,gpt-4o-2024-08-06-ft,167,Collie,1627.7534000000742,
fine_tuned,gpt-4o-2024-08-06-ft,168,Collie,1301.5761000006023,
fine_tuned,gpt-4o-2024-08-06-ft,169,Collie,2301.954699999442,
fine_tuned,gpt-4o-2024-08-06-ft,170,Curly-Coated Retriever,1507.8687999994145,
fine_tuned,gpt-4o-2024-08-06-ft,171,Curly-Coated Retriever,1370.0590999997075,
fine_tuned,gpt-4o-2024-08-06-ft,172,Curly-Coated Retriever,1559.8136999997223,
fine_tuned,gpt-4o-2024-08-06-ft,173,Curly-Coated Retriever,1679.539400000067,
fine_tuned,gpt-4o-2024-08-06-ft,174,Curly-Coated Retriever,1506.1537999999928,
fine_tuned,gpt-4o-2024-08-06-ft,175,Dandie Dinmont,1534.0884000006554,
fine_tuned,gpt-4o-2024-08-06-ft,176,Dandie Dinmont,1557.4804999996559,
fine_tuned,gpt-4o-2024-08-06-ft,177,Dandie Dinmont,1507.046800000353,
fine_tuned,gpt-4o-2024-08-06-ft,178,Dandie Dinmont,1401.947499999551,
fine_tuned,gpt-4o-2024-08-06-ft,179,Dandie Dinmont,1487.3999000001277,
fine_tuned,gpt-4o-2024-08-06-ft,180,Dhole,1477.322699999604,
fine_tuned,gpt-4o-2024-08-06-ft,181,Dhole,1362.2720000003028,
fine_tuned,gpt-4o-2024-08-06-ft,182,Dhole,1783.8582999993378,
fine_tuned,gpt-4o-2024-08-06-ft,183,Dhole,1709.3744000003426,
fine_tuned,gpt-4o-2024-08-06-ft,184,Dhole,1561.8766000006872,
fine_tuned,gpt-4o-2024-08-06-ft,185,Dingo,1254.320099999859,
fine_tuned,gpt-4o-2024-08-06-ft,186,Dingo,1467.999499999678,
fine_tuned,gpt-4o-2024-08-06-ft,187,Dingo,1617.8380999999717,
fine_tuned,gpt-4o-2024-08-06-ft,188,Dingo,1410.7395999999426,
fine_tuned,gpt-4o-2024-08-06-ft,189,Dingo,1245.7016999996995,
fine_tuned,gpt-4o-2024-08-06-ft,190,Doberman,1592.666200000167,
fine_tuned,gpt-4o-2024-08-06-ft,191,Doberman,1361.4072000000306,
fine_tuned,gpt-4o-2024-08-06-ft,192,Doberman,1502.6796000001923,
fine_tuned,gpt-4o-2024-08-06-ft,193,Doberman,1433.755499999279,
fine_tuned,gpt-4o-2024-08-06-ft,194,Doberman,953.4740999997666,
fine_tuned,gpt-4o-2024-08-06-ft,195,English Foxhound,1106.9486999995206,
fine_tuned,gpt-4o-2024-08-06-ft,196,English Foxhound,1630.5498000001535,
fine_tuned,gpt-4o-2024-08-06-ft,197,English Foxhound,1312.0249000003241,
fine_tuned,gpt-4o-2024-08-06-ft,198,English Foxhound,1215.3908999998748,
fine_tuned,gpt-4o-2024-08-06-ft,199,English Foxhound,1709.4692000000578,
fine_tuned,gpt-4o-2024-08-06-ft,200,English Setter,1231.1547999997856,
fine_tuned,gpt-4o-2024-08-06-ft,201,English Setter,1087.4048000005132,
fine_tuned,gpt-4o-2024-08-06-ft,202,English Setter,1367.0443999999407,
fine_tuned,gpt-4o-2024-08-06-ft,203,English Setter,1190.036300000429,
fine_tuned,gpt-4o-2024-08-06-ft,204,English Setter,1532.1381000003385,
fine_tuned,gpt-4o-2024-08-06-ft,205,English Springer,1286.3407999993797,
fine_tuned,gpt-4o-2024-08-06-ft,206,English Springer,1692.9513999994015,
fine_tuned,gpt-4o-2024-08-06-ft,207,English Springer,1472.6274000004196,
fine_tuned,gpt-4o-2024-08-06-ft,208,English Springer,1614.6211999994193,
fine_tuned,gpt-4o-2024-08-06-ft,209,English Springer,1697.0601000002716,
fine_tuned,gpt-4o-2024-08-06-ft,210,Entlebucher,1673.0231999999887,
fine_tuned,gpt-4o-2024-08-06-ft,211,Entlebucher,1366.2185000002864,
fine_tuned,gpt-4o-2024-08-06-ft,212,Entlebucher,1276.0018999997556,
fine_tuned,gpt-4o-2024-08-06-ft,213,Entlebucher,1704.4746999999916,
fine_tuned,gpt-4o-2024-08-06-ft,214,Entlebucher,1297.839599999861,
fine_tuned,gpt-4o-2024-08-06-ft,215,Eskimo Dog,1486.885600000278,
fine_tuned,gpt-4o-2024-08-06-ft,216,Eskimo Dog,1363.6563999998543,
fine_tuned,gpt-4o-2024-08-06-ft,217,Eskimo Dog,1543.624699999782,
fine_tuned,gpt-4o-2024-08-06-ft,218,Eskimo Dog,1550.3546999998434,
fine_tuned,gpt-4o-2024-08-06-ft,219,Eskimo Dog,1492.583399999603,
fine_tuned,gpt-4o-2024-08-06-ft,220,Flat-Coated Retriever,1408.0364000001282,
fine_tuned,gpt-4o-2024-08-06-ft,221,Flat-Coated Retriever,1389.9201000003814,
fine_tuned,gpt-4o-2024-08-06-ft,222,Flat-Coated Retriever,1404.283800000485,
fine_tuned,gpt-4o-2024-08-06-ft,223,Flat-Coated Retriever,1168.23420000037,
fine_tuned,gpt-4o-2024-08-06-ft,224,Flat-Coated Retriever,1359.6379999999044,
fine_tuned,gpt-4o-2024-08-06-ft,225,French Bulldog,1619.4202000006044,
fine_tuned,gpt-4o-2024-08-06-ft,226,French Bulldog,1674.1573999997854,
fine_tuned,gpt-4o-2024-08-06-ft,227,French Bulldog,1665.623300000334,
fine_tuned,gpt-4o-2024-08-06-ft,228,French Bulldog,1749.474100000043,
fine_tuned,gpt-4o-2024-08-06-ft,229,French Bulldog,1626.8773000001602,
fine_tuned,gpt-4o-2024-08-06-ft,230,German Shepherd,1484.602999999879,
fine_tuned,gpt-4o-2024-08-06-ft,231,German Shepherd,1476.496600000246,
fine_tuned,gpt-4o-2024-08-06-ft,232,German Shepherd,1848.1341999995493,
fine_tuned,gpt-4o-2024-08-06-ft,233,German Shepherd,1455.241599999681,
fine_tuned,gpt-4o-2024-08-06-ft,234,German Shepherd,1541.0658000000694,
fine_tuned,gpt-4o-2024-08-06-ft,235,German Short-Haired Pointer,1396.1112999995748,
fine_tuned,gpt-4o-2024-08-06-ft,236,German Short-Haired Pointer,1501.5700000003562,
fine_tuned,gpt-4o-2024-08-06-ft,237,German Short-Haired Pointer,1196.0728000003655,
fine_tuned,gpt-4o-2024-08-06-ft,238,German Short-Haired Pointer,1155.718699999852,
fine_tuned,gpt-4o-2024-08-06-ft,239,German Short-Haired Pointer,1634.2881999999008,
fine_tuned,gpt-4o-2024-08-06-ft,240,Giant Schnauzer,1536.3776000003782,
fine_tuned,gpt-4o-2024-08-06-ft,241,Giant Schnauzer,1566.059600000699,
fine_tuned,gpt-4o-2024-08-06-ft,242,Giant Schnauzer,1649.7676000008141,
fine_tuned,gpt-4o-2024-08-06-ft,243,Giant Schnauzer,1336.8196000001262,
fine_tuned,gpt-4o-2024-08-06-ft,244,Giant Schnauzer,1280.5255000002944,
fine_tuned,gpt-4o-2024-08-06-ft,245,Golden Retriever,1536.1490000004778,
fine_tuned,gpt-4o-2024-08-06-ft,246,Golden Retriever,1314.641699999811,
fine_tuned,gpt-4o-2024-08-06-ft,247,Golden Retriever,1486.4464000002044,
fine_tuned,gpt-4o-2024-08-06-ft,248,Golden Retriever,1519.951299999775,
fine_tuned,gpt-4o-2024-08-06-ft,249,Golden Retriever,1091.0359999998036,
fine_tuned,gpt-4o-2024-08-06-ft,250,Gordon Setter,1657.0133000004716,
fine_tuned,gpt-4o-2024-08-06-ft,251,Gordon Setter,1633.1764999995357,
fine_tuned,gpt-4o-2024-08-06-ft,252,Gordon Setter,1263.2469999998648,
fine_tuned,gpt-4o-2024-08-06-ft,253,Gordon Setter,1238.6881000002177,
fine_tuned,gpt-4o-2024-08-06-ft,254,Gordon Setter,1646.0219999999026,
fine_tuned,gpt-4o-2024-08-06-ft,255,Great Dane,1666.4592999995875,
fine_tuned,gpt-4o-2024-08-06-ft,256,Great Dane,1294.5785000001706,
fine_tuned,gpt-4o-2024-08-06-ft,257,Great Dane,1616.011599999183,
fine_tuned,gpt-4o-2024-08-06-ft,258,Great Dane,1485.177599999588,
fine_tuned,gpt-4o-2024-08-06-ft,259,Great Dane,1682.7625000005355,
fine_tuned,gpt-4o-2024-08-06-ft,260,Great Pyrenees,1463.8162000001103,
fine_tuned,gpt-4o-2024-08-06-ft,261,Great Pyrenees,1599.7478999997838,
fine_tuned,gpt-4o-2024-08-06-ft,262,Great Pyrenees,1167.6562000002377,
fine_tuned,gpt-4o-2024-08-06-ft,263,Great Pyrenees,1424.8960000004445,
fine_tuned,gpt-4o-2024-08-06-ft,264,Great Pyrenees,1277.0129000000452,
fine_tuned,gpt-4o-2024-08-06-ft,265,Greater Swiss Mountain Dog,1594.5621999999275,
fine_tuned,gpt-4o-2024-08-06-ft,266,Greater Swiss Mountain Dog,1309.5847999993566,
fine_tuned,gpt-4o-2024-08-06-ft,267,Greater Swiss Mountain Dog,1328.889600000366,
fine_tuned,gpt-4o-2024-08-06-ft,268,Greater Swiss Mountain Dog,1203.4154000002673,
fine_tuned,gpt-4o-2024-08-06-ft,269,Greater Swiss Mountain Dog,1213.2593999995152,
fine_tuned,gpt-4o-2024-08-06-ft,270,Groenendael,1664.312599999903,
fine_tuned,gpt-4o-2024-08-06-ft,271,Groenendael,1550.6394999993063,
fine_tuned,gpt-4o-2024-08-06-ft,272,Groenendael,1196.4932000000772,
fine_tuned,gpt-4o-2024-08-06-ft,273,Groenendael,1288.308600000164,
fine_tuned,gpt-4o-2024-08-06-ft,274,Groenendael,1629.954899999575,
fine_tuned,gpt-4o-2024-08-06-ft,275,Ibizan Hound,1594.435699999849,
fine_tuned,gpt-4o-2024-08-06-ft,276,Ibizan Hound,1321.5620999999373,
fine_tuned,gpt-4o-2024-08-06-ft,277,Ibizan Hound,1752.0078000006833,
fine_tuned,gpt-4o-2024-08-06-ft,278,Ibizan Hound,1644.01480000015,
fine_tuned,gpt-4o-2024-08-06-ft,279,Ibizan Hound,1552.0306999997047,
fine_tuned,gpt-4o-2024-08-06-ft,280,Irish Setter,1129.030000000057,
fine_tuned,gpt-4o-2024-08-06-ft,281,Irish Setter,1577.7207999999519,
fine_tuned,gpt-4o-2024-08-06-ft,282,Irish Setter,1527.1514000005482,
fine_tuned,gpt-4o-2024-08-06-ft,283,Irish Setter,1381.3555999995515,
fine_tuned,gpt-4o-2024-08-06-ft,284,Irish Setter,1406.7672999999559,
fine_tuned,gpt-4o-2024-08-06-ft,285,Irish Terrier,1495.8776999992551,
fine_tuned,gpt-4o-2024-08-06-ft,286,Irish Terrier,1335.55350000006,
fine_tuned,gpt-4o-2024-08-06-ft,287,Irish Terrier,1213.5805000007167,
fine_tuned,gpt-4o-2024-08-06-ft,288,Irish Terrier,1671.8195000003107,
fine_tuned,gpt-4o-2024-08-06-ft,289,Irish Terrier,1674.6179000001575,
fine_tuned,gpt-4o-2024-08-06-ft,290,Irish Water Spaniel,1466.7973999994501,
fine_tuned,gpt-4o-2024-08-06-ft,291,Irish Water Spaniel,1482.8175000002375,
fine_tuned,gpt-4o-2024-08-06-ft,292,Irish Water Spaniel,1640.7347000003938,
fine_tuned,gpt-4o-2024-08-06-ft,293,Irish Water Spaniel,1168.6675999999352,
fine_tuned,gpt-4o-2024-08-06-ft,294,Irish Water Spaniel,1693.1420999999318,
fine_tuned,gpt-4o-2024-08-06-ft,295,Irish Wolfhound,1220.0032999999166,
fine_tuned,gpt-4o-2024-08-06-ft,296,Irish Wolfhound,1245.6544999995458,
fine_tuned,gpt-4o-2024-08-06-ft,297,Irish Wolfhound,1703.7576000002446,
fine_tuned,gpt-4o-2024-08-06-ft,298,Irish Wolfhound,1201.646499999697,
fine_tuned,gpt-4o-2024-08-06-ft,299,Irish Wolfhound,1440.3270000002522,
fine_tuned,gpt-4o-2024-08-06-ft,300,Italian Greyhound,1265.250699999342,
fine_tuned,gpt-4o-2024-08-06-ft,301,Italian Greyhound,1340.3928999996424,
fine_tuned,gpt-4o-2024-08-06-ft,302,Italian Greyhound,1193.275700000413,
fine_tuned,gpt-4o-2024-08-06-ft,303,Italian Greyhound,1769.0508000005138,
fine_tuned,gpt-4o-2024-08-06-ft,304,Italian Greyhound,1495.2603000001545,
fine_tuned,gpt-4o-2024-08-06-ft,305,Japanese Spaniel,1369.5341000002372,
fine_tuned,gpt-4o-2024-08-06-ft,306,Japanese Spaniel,1360.7653999997638,
fine_tuned,gpt-4o-2024-08-06-ft,307,Japanese Spaniel,1675.8378000004086,
fine_tuned,gpt-4o-2024-08-06-ft,308,Japanese Spaniel,1462.0488000000478,
fine_tuned,gpt-4o-2024-08-06-ft,309,Japanese Spaniel,1264.8295999997572,
fine_tuned,gpt-4o-2024-08-06-ft,310,Keeshond,1631.5898000002562,
fine_tuned,gpt-4o-2024-08-06-ft,311,Keeshond,1490.853999999672,
fine_tuned,gpt-4o-2024-08-06-ft,312,Keeshond,1597.1316000004663,
fine_tuned,gpt-4o-2024-08-06-ft,313,Keeshond,1371.9198999997388,
fine_tuned,gpt-4o-2024-08-06-ft,314,Keeshond,1550.6633000004513,
fine_tuned,gpt-4o-2024-08-06-ft,315,Kelpie,1513.814299999467,
fine_tuned,gpt-4o-2024-08-06-ft,316,Kelpie,1516.5858000000298,
fine_tuned,gpt-4o-2024-08-06-ft,317,Kelpie,1567.4644999999146,
fine_tuned,gpt-4o-2024-08-06-ft,318,Kelpie,1627.2349999999278,
fine_tuned,gpt-4o-2024-08-06-ft,319,Kelpie,1562.8985000003013,
fine_tuned,gpt-4o-2024-08-06-ft,320,Kerry Blue Terrier,1565.4328000000532,
fine_tuned,gpt-4o-2024-08-06-ft,321,Kerry Blue Terrier,1668.0412999994587,
fine_tuned,gpt-4o-2024-08-06-ft,322,Kerry Blue Terrier,1427.6469999995243,
fine_tuned,gpt-4o-2024-08-06-ft,323,Kerry Blue Terrier,1335.354400000142,
fine_tuned,gpt-4o-2024-08-06-ft,324,Kerry Blue Terrier,1567.5072000003638,
fine_tuned,gpt-4o-2024-08-06-ft,325,Komondor,1735.7695999999123,
fine_tuned,gpt-4o-2024-08-06-ft,326,Komondor,1393.9882000004218,
fine_tuned,gpt-4o-2024-08-06-ft,327,Komondor,1716.2607999998727,
fine_tuned,gpt-4o-2024-08-06-ft,328,Komondor,1408.2087999995565,
fine_tuned,gpt-4o-2024-08-06-ft,329,Komondor,1487.5324000004184,
fine_tuned,gpt-4o-2024-08-06-ft,330,Kuvasz,1384.7136999993381,
fine_tuned,gpt-4o-2024-08-06-ft,331,Kuvasz,1345.1016999997591,
fine_tuned,gpt-4o-2024-08-06-ft,332,Kuvasz,1745.6460000003062,
fine_tuned,gpt-4o-2024-08-06-ft,333,Kuvasz,1513.386000000537,
fine_tuned,gpt-4o-2024-08-06-ft,334,Kuvasz,1418.3960000000297,
fine_tuned,gpt-4o-2024-08-06-ft,335,Labrador Retriever,1672.0518000001903,
fine_tuned,gpt-4o-2024-08-06-ft,336,Labrador Retriever,1679.2747999998028,
fine_tuned,gpt-4o-2024-08-06-ft,337,Labrador Retriever,1771.6795000005732,
fine_tuned,gpt-4o-2024-08-06-ft,338,Labrador Retriever,1462.4508000006244,
fine_tuned,gpt-4o-2024-08-06-ft,339,Labrador Retriever,3268.2541000003766,
fine_tuned,gpt-4o-2024-08-06-ft,340,Lakeland Terrier,1479.019700000208,
fine_tuned,gpt-4o-2024-08-06-ft,341,Lakeland Terrier,1861.0377999993943,
fine_tuned,gpt-4o-2024-08-06-ft,342,Lakeland Terrier,1554.5486999999412,
fine_tuned,gpt-4o-2024-08-06-ft,343,Lakeland Terrier,1472.7929999999105,
fine_tuned,gpt-4o-2024-08-06-ft,344,Lakeland Terrier,1641.4837999991505,
fine_tuned,gpt-4o-2024-08-06-ft,345,Leonberg,1522.820000000138,
fine_tuned,gpt-4o-2024-08-06-ft,346,Leonberg,1256.6122999996878,
fine_tuned,gpt-4o-2024-08-06-ft,347,Leonberg,1503.2657000001564,
fine_tuned,gpt-4o-2024-08-06-ft,348,Leonberg,1560.2835999998206,
fine_tuned,gpt-4o-2024-08-06-ft,349,Leonberg,1338.4417000006579,
fine_tuned,gpt-4o-2024-08-06-ft,350,Lhasa,1525.880799999868,
fine_tuned,gpt-4o-2024-08-06-ft,351,Lhasa,2300.336499999503,
fine_tuned,gpt-4o-2024-08-06-ft,352,Lhasa,1078.7147000000914,
fine_tuned,gpt-4o-2024-08-06-ft,353,Lhasa,1552.0434000000023,
fine_tuned,gpt-4o-2024-08-06-ft,354,Lhasa,1460.8768999996755,
fine_tuned,gpt-4o-2024-08-06-ft,355,Malamute,1513.1959999998799,
fine_tuned,gpt-4o-2024-08-06-ft,356,Malamute,1471.5077000000747,
fine_tuned,gpt-4o-2024-08-06-ft,357,Malamute,1500.1268999994863,
fine_tuned,gpt-4o-2024-08-06-ft,358,Malamute,1431.496100000004,
fine_tuned,gpt-4o-2024-08-06-ft,359,Malamute,1537.1479999994335,
fine_tuned,gpt-4o-2024-08-06-ft,360,Malinois,1630.343000000721,
fine_tuned,gpt-4o-2024-08-06-ft,361,Malinois,1116.8687999997928,
fine_tuned,gpt-4o-2024-08-06-ft,362,Malinois,1515.1881000001595,
fine_tuned,gpt-4o-2024-08-06-ft,363,Malinois,1421.3198000006741,
fine_tuned,gpt-4o-2024-08-06-ft,364,Malinois,1267.7495999996609,
fine_tuned,gpt-4o-2024-08-06-ft,365,Maltese Dog,1277.6960000001054,
fine_tuned,gpt-4o-2024-08-06-ft,366,Maltese Dog,1422.8533999994397,
fine_tuned,gpt-4o-2024-08-06-ft,367,Maltese Dog,1412.652199999684,
fine_tuned,gpt-4o-2024-08-06-ft,368,Maltese Dog,1223.9673000003677,
fine_tuned,gpt-4o-2024-08-06-ft,369,Maltese Dog,1250.684800000272,
fine_tuned,gpt-4o-2024-08-06-ft,370,Mexican Hairless,1607.4586000004274,
fine_tuned,gpt-4o-2024-08-06-ft,371,Mexican Hairless,1679.2371999999887,
fine_tuned,gpt-4o-2024-08-06-ft,372,Mexican Hairless,1560.396199999559,
fine_tuned,gpt-4o-2024-08-06-ft,373,Mexican Hairless,1196.5116000001217,
fine_tuned,gpt-4o-2024-08-06-ft,374,Mexican Hairless,1174.4657999997798,
fine_tuned,gpt-4o-2024-08-06-ft,375,Miniature Pinscher,1864.4122000005154,
fine_tuned,gpt-4o-2024-08-06-ft,376,Miniature Pinscher,1509.4576999999845,
fine_tuned,gpt-4o-2024-08-06-ft,377,Miniature Pinscher,1643.2179000003089,
fine_tuned,gpt-4o-2024-08-06-ft,378,Miniature Pinscher,1467.9415999999037,
fine_tuned,gpt-4o-2024-08-06-ft,379,Miniature Pinscher,1319.4583000004059,
fine_tuned,gpt-4o-2024-08-06-ft,380,Miniature Poodle,1668.0371000002197,
fine_tuned,gpt-4o-2024-08-06-ft,381,Miniature Poodle,1565.4546000005212,
fine_tuned,gpt-4o-2024-08-06-ft,382,Miniature Poodle,1426.4051999998628,
fine_tuned,gpt-4o-2024-08-06-ft,383,Miniature Poodle,1606.4130999993722,
fine_tuned,gpt-4o-2024-08-06-ft,384,Miniature Poodle,1512.8955000000133,
fine_tuned,gpt-4o-2024-08-06-ft,385,Miniature Schnauzer,1612.7112000003763,
fine_tuned,gpt-4o-2024-08-06-ft,386,Miniature Schnauzer,1550.365399999464,
fine_tuned,gpt-4o-2024-08-06-ft,387,Miniature Schnauzer,1504.4205000003785,
fine_tuned,gpt-4o-2024-08-06-ft,388,Miniature Schnauzer,1527.7302000004056,
fine_tuned,gpt-4o-2024-08-06-ft,389,Miniature Schnauzer,1721.7911000007007,
fine_tuned,gpt-4o-2024-08-06-ft,390,Newfoundland,1604.2067999997016,
fine_tuned,gpt-4o-2024-08-06-ft,391,Newfoundland,1873.4951000005822,
fine_tuned,gpt-4o-2024-08-06-ft,392,Newfoundland,1510.6658000004245,
fine_tuned,gpt-4o-2024-08-06-ft,393,Newfoundland,1389.6930000000793,
fine_tuned,gpt-4o-2024-08-06-ft,394,Newfoundland,1213.9405999996598,
fine_tuned,gpt-4o-2024-08-06-ft,395,Norfolk Terrier,1607.4821000001975,
fine_tuned,gpt-4o-2024-08-06-ft,396,Norfolk Terrier,1316.2263000003804,
fine_tuned,gpt-4o-2024-08-06-ft,397,Norfolk Terrier,1419.5574000004854,
fine_tuned,gpt-4o-2024-08-06-ft,398,Norfolk Terrier,1582.82010000039,
fine_tuned,gpt-4o-2024-08-06-ft,399,Norfolk Terrier,1118.2011000000784,
fine_tuned,gpt-4o-2024-08-06-ft,400,Norwegian Elkhound,1613.343299999542,
fine_tuned,gpt-4o-2024-08-06-ft,401,Norwegian Elkhound,1493.822899999941,
fine_tuned,gpt-4o-2024-08-06-ft,402,Norwegian Elkhound,1541.1943999997675,
fine_tuned,gpt-4o-2024-08-06-ft,403,Norwegian Elkhound,1670.5668999993577,
fine_tuned,gpt-4o-2024-08-06-ft,404,Norwegian Elkhound,1427.631200000178,
fine_tuned,gpt-4o-2024-08-06-ft,405,Norwich Terrier,1176.4846999994916,
fine_tuned,gpt-4o-2024-08-06-ft,406,Norwich Terrier,1247.389899999689,
fine_tuned,gpt-4o-2024-08-06-ft,407,Norwich Terrier,1414.2597000000023,
fine_tuned,gpt-4o-2024-08-06-ft,408,Norwich Terrier,1658.30939999978,
fine_tuned,gpt-4o-2024-08-06-ft,409,Norwich Terrier,1509.8479999996925,
fine_tuned,gpt-4o-2024-08-06-ft,410,Old English Sheepdog,1576.449500000308,
fine_tuned,gpt-4o-2024-08-06-ft,411,Old English Sheepdog,1509.052999999767,
fine_tuned,gpt-4o-2024-08-06-ft,412,Old English Sheepdog,1461.2035999998625,
fine_tuned,gpt-4o-2024-08-06-ft,413,Old English Sheepdog,1397.7804000005563,
fine_tuned,gpt-4o-2024-08-06-ft,414,Old English Sheepdog,1510.7170999999653,
fine_tuned,gpt-4o-2024-08-06-ft,415,Otterhound,1335.8827000001838,
fine_tuned,gpt-4o-2024-08-06-ft,416,Otterhound,1516.4387000004353,
fine_tuned,gpt-4o-2024-08-06-ft,417,Otterhound,1532.3279999993247,
fine_tuned,gpt-4o-2024-08-06-ft,418,Otterhound,1326.0249999993903,
fine_tuned,gpt-4o-2024-08-06-ft,419,Otterhound,1452.214200000526,
fine_tuned,gpt-4o-2024-08-06-ft,420,Papillon,1468.3421999998245,
fine_tuned,gpt-4o-2024-08-06-ft,421,Papillon,1692.200700000285,
fine_tuned,gpt-4o-2024-08-06-ft,422,Papillon,1445.129700000507,
fine_tuned,gpt-4o-2024-08-06-ft,423,Papillon,2003.4138999999413,
fine_tuned,gpt-4o-2024-08-06-ft,424,Papillon,1484.8031000001356,
fine_tuned,gpt-4o-2024-08-06-ft,425,Pekinese,1585.5184000001827,
fine_tuned,gpt-4o-2024-08-06-ft,426,Pekinese,1514.3728000002739,
fine_tuned,gpt-4o-2024-08-06-ft,427,Pekinese,1406.209000000672,
fine_tuned,gpt-4o-2024-08-06-ft,428,Pekinese,1683.8293000000704,
fine_tuned,gpt-4o-2024-08-06-ft,429,Pekinese,1680.8279999995648,
fine_tuned,gpt-4o-2024-08-06-ft,430,Pembroke,1289.4474000004266,
fine_tuned,gpt-4o-2024-08-06-ft,431,Pembroke,1589.590099999441,
fine_tuned,gpt-4o-2024-08-06-ft,432,Pembroke,1614.542799999981,
fine_tuned,gpt-4o-2024-08-06-ft,433,Pembroke,1218.5438999995313,
fine_tuned,gpt-4o-2024-08-06-ft,434,Pembroke,1521.649499999512,
fine_tuned,gpt-4o-2024-08-06-ft,435,Pomeranian,1451.4357000007294,
fine_tuned,gpt-4o-2024-08-06-ft,436,Pomeranian,1589.9831999995513,
fine_tuned,gpt-4o-2024-08-06-ft,437,Pomeranian,1438.3971999995993,
fine_tuned,gpt-4o-2024-08-06-ft,438,Pomeranian,1620.7721999999194,
fine_tuned,gpt-4o-2024-08-06-ft,439,Pomeranian,1539.1671999996106,
fine_tuned,gpt-4o-2024-08-06-ft,440,Pug,1426.3162999995984,
fine_tuned,gpt-4o-2024-08-06-ft,441,Pug,1600.6545999998707,
fine_tuned,gpt-4o-2024-08-06-ft,442,Pug,1441.197199999806,
fine_tuned,gpt-4o-2024-08-06-ft,443,Pug,1469.2262999997183,
fine_tuned,gpt-4o-2024-08-06-ft,444,Pug,1269.2157999999836,
fine_tuned,gpt-4o-2024-08-06-ft,445,Redbone,1490.15209999925,
fine_tuned,gpt-4o-2024-08-06-ft,446,Redbone,1569.681799999671,
fine_tuned,gpt-4o-2024-08-06-ft,447,Redbone,1229.8344000000725,
fine_tuned,gpt-4o-2024-08-06-ft,448,Redbone,1434.146999999939,
fine_tuned,gpt-4o-2024-08-06-ft,449,Redbone,1577.6097999996637,
fine_tuned,gpt-4o-2024-08-06-ft,450,Rhodesian Ridgeback,1659.2971000000034,
fine_tuned,gpt-4o-2024-08-06-ft,451,Rhodesian Ridgeback,1444.7497999999541,
fine_tuned,gpt-4o-2024-08-06-ft,452,Rhodesian Ridgeback,1383.856399999786,
fine_tuned,gpt-4o-2024-08-06-ft,453,Rhodesian Ridgeback,1269.5800000001327,
fine_tuned,gpt-4o-2024-08-06-ft,454,Rhodesian Ridgeback,1609.258200000113,
fine_tuned,gpt-4o-2024-08-06-ft,455,Rottweiler,1472.9489999999714,
fine_tuned,gpt-4o-2024-08-06-ft,456,Rottweiler,1488.2974000001923,
fine_tuned,gpt-4o-2024-08-06-ft,457,Rottweiler,1551.5983999994205,
fine_tuned,gpt-4o-2024-08-06-ft,458,Rottweiler,1534.3266999998377,
fine_tuned,gpt-4o-2024-08-06-ft,459,Rottweiler,1603.6884999994072,
fine_tuned,gpt-4o-2024-08-06-ft,460,Saint Bernard,1706.636800000524,
fine_tuned,gpt-4o-2024-08-06-ft,461,Saint Bernard,1298.3972000001813,
fine_tuned,gpt-4o-2024-08-06-ft,462,Saint Bernard,1521.3224999997692,
fine_tuned,gpt-4o-2024-08-06-ft,463,Saint Bernard,1589.6327999998903,
fine_tuned,gpt-4o-2024-08-06-ft,464,Saint Bernard,1481.1140000001615,
fine_tuned,gpt-4o-2024-08-06-ft,465,Saluki,1680.6763999993564,
fine_tuned,gpt-4o-2024-08-06-ft,466,Saluki,1607.9882000003636,
fine_tuned,gpt-4o-2024-08-06-ft,467,Saluki,1475.399999999354,
fine_tuned,gpt-4o-2024-08-06-ft,468,Saluki,1411.281699999563,
fine_tuned,gpt-4o-2024-08-06-ft,469,Saluki,1491.951500000141,
fine_tuned,gpt-4o-2024-08-06-ft,470,Samoyed,1524.457700000312,
fine_tuned,gpt-4o-2024-08-06-ft,471,Samoyed,1573.6665000003995,
fine_tuned,gpt-4o-2024-08-06-ft,472,Samoyed,1227.4111999995512,
fine_tuned,gpt-4o-2024-08-06-ft,473,Samoyed,1569.4757000001118,
fine_tuned,gpt-4o-2024-08-06-ft,474,Samoyed,1545.4164999991917,
fine_tuned,gpt-4o-2024-08-06-ft,475,Schipperke,1602.4701000005734,
fine_tuned,gpt-4o-2024-08-06-ft,476,Schipperke,1463.6473000000478,
fine_tuned,gpt-4o-2024-08-06-ft,477,Schipperke,1584.1815000003407,
fine_tuned,gpt-4o-2024-08-06-ft,478,Schipperke,1489.581900000303,
fine_tuned,gpt-4o-2024-08-06-ft,479,Schipperke,1541.547900000296,
fine_tuned,gpt-4o-2024-08-06-ft,480,Scotch Terrier,1479.690699999992,
fine_tuned,gpt-4o-2024-08-06-ft,481,Scotch Terrier,1654.8046999996586,
fine_tuned,gpt-4o-2024-08-06-ft,482,Scotch Terrier,1754.453100000319,
fine_tuned,gpt-4o-2024-08-06-ft,483,Scotch Terrier,1595.1134000006277,
fine_tuned,gpt-4o-2024-08-06-ft,484,Scotch Terrier,1721.8525000007503,
fine_tuned,gpt-4o-2024-08-06-ft,485,Scottish Deerhound,1642.4434000000474,
fine_tuned,gpt-4o-2024-08-06-ft,486,Scottish Deerhound,1553.620100000444,
fine_tuned,gpt-4o-2024-08-06-ft,487,Scottish Deerhound,1658.2330999999613,
fine_tuned,gpt-4o-2024-08-06-ft,488,Scottish Deerhound,1624.685199999476,
fine_tuned,gpt-4o-2024-08-06-ft,489,Scottish Deerhound,1543.8511000002109,
fine_tuned,gpt-4o-2024-08-06-ft,490,Sealyham Terrier,1222.489300000234,
fine_tuned,gpt-4o-2024-08-06-ft,491,Sealyham Terrier,1196.0073999998713,
fine_tuned,gpt-4o-2024-08-06-ft,492,Sealyham Terrier,1166.1101000008784,
fine_tuned,gpt-4o-2024-08-06-ft,493,Sealyham Terrier,1227.0855999995547,
fine_tuned,gpt-4o-2024-08-06-ft,494,Sealyham Terrier,1234.3572999998287,
fine_tuned,gpt-4o-2024-08-06-ft,495,Shetland Sheepdog,1506.4282000003004,
fine_tuned,gpt-4o-2024-08-06-ft,496,Shetland Sheepdog,1247.827099999995,
fine_tuned,gpt-4o-2024-08-06-ft,497,Shetland Sheepdog,1750.1302000000578,
fine_tuned,gpt-4o-2024-08-06-ft,498,Shetland Sheepdog,1687.096599999677,
fine_tuned,gpt-4o-2024-08-06-ft,499,Shetland Sheepdog,1972.3947000002227,
fine_tuned,gpt-4o-2024-08-06-ft,500,Shih-Tzu,1664.2567999997482,
fine_tuned,gpt-4o-2024-08-06-ft,501,Shih-Tzu,1156.3486999993984,
fine_tuned,gpt-4o-2024-08-06-ft,502,Shih-Tzu,1281.4900000003036,
fine_tuned,gpt-4o-2024-08-06-ft,503,Shih-Tzu,1549.2598999999245,
fine_tuned,gpt-4o-2024-08-06-ft,504,Shih-Tzu,1501.0951000003843,
fine_tuned,gpt-4o-2024-08-06-ft,505,Siberian Husky,1569.9970999994548,
fine_tuned,gpt-4o-2024-08-06-ft,506,Siberian Husky,1517.5082000005204,
fine_tuned,gpt-4o-2024-08-06-ft,507,Siberian Husky,1518.950799999402,
fine_tuned,gpt-4o-2024-08-06-ft,508,Siberian Husky,1395.942400000422,
fine_tuned,gpt-4o-2024-08-06-ft,509,Siberian Husky,1492.3798999998326,
fine_tuned,gpt-4o-2024-08-06-ft,510,Silky Terrier,1477.057799999784,
fine_tuned,gpt-4o-2024-08-06-ft,511,Silky Terrier,1307.8624999998283,
fine_tuned,gpt-4o-2024-08-06-ft,512,Silky Terrier,1333.95819999987,
fine_tuned,gpt-4o-2024-08-06-ft,513,Silky Terrier,1543.0387999995219,
fine_tuned,gpt-4o-2024-08-06-ft,514,Silky Terrier,1488.976300000104,
fine_tuned,gpt-4o-2024-08-06-ft,515,Soft-Coated Wheaten Terrier,1351.6722999993362,
fine_tuned,gpt-4o-2024-08-06-ft,516,Soft-Coated Wheaten Terrier,1624.6498999998948,
fine_tuned,gpt-4o-2024-08-06-ft,517,Soft-Coated Wheaten Terrier,1489.2645999998422,
fine_tuned,gpt-4o-2024-08-06-ft,518,Soft-Coated Wheaten Terrier,1603.541999999834,
fine_tuned,gpt-4o-2024-08-06-ft,519,Soft-Coated Wheaten Terrier,1298.853400000553,
fine_tuned,gpt-4o-2024-08-06-ft,520,Staffordshire Bullterrier,1243.038499999784,
fine_tuned,gpt-4o-2024-08-06-ft,521,Staffordshire Bullterrier,1586.7880000005243,
fine_tuned,gpt-4o-2024-08-06-ft,522,Staffordshire Bullterrier,1238.897100000031,
fine_tuned,gpt-4o-2024-08-06-ft,523,Staffordshire Bullterrier,1565.5274999999165,
fine_tuned,gpt-4o-2024-08-06-ft,524,Staffordshire Bullterrier,1226.296399999228,
fine_tuned,gpt-4o-2024-08-06-ft,525,Standard Poodle,1355.822900000021,
fine_tuned,gpt-4o-2024-08-06-ft,526,Standard Poodle,1256.0459000005721,
fine_tuned,gpt-4o-2024-08-06-ft,527,Standard Poodle,1629.3814999999086,
fine_tuned,gpt-4o-2024-08-06-ft,528,Standard Poodle,1511.3154999999097,
fine_tuned,gpt-4o-2024-08-06-ft,529,Standard Poodle,1532.9117000001133,
fine_tuned,gpt-4o-2024-08-06-ft,530,Standard Schnauzer,1627.0608000004358,
fine_tuned,gpt-4o-2024-08-06-ft,531,Standard Schnauzer,1281.8912000002456,
fine_tuned,gpt-4o-2024-08-06-ft,532,Standard Schnauzer,1700.4472999997233,
fine_tuned,gpt-4o-2024-08-06-ft,533,Standard Schnauzer,1257.0691999999326,
fine_tuned,gpt-4o-2024-08-06-ft,534,Standard Schnauzer,1594.7280999998839,
fine_tuned,gpt-4o-2024-08-06-ft,535,Sussex Spaniel,2532.7981999998883,
fine_tuned,gpt-4o-2024-08-06-ft,536,Sussex Spaniel,1822.9286999994656,
fine_tuned,gpt-4o-2024-08-06-ft,537,Sussex Spaniel,1515.5101999998806,
fine_tuned,gpt-4o-2024-08-06-ft,538,Sussex Spaniel,1535.3758000001108,
fine_tuned,gpt-4o-2024-08-06-ft,539,Sussex Spaniel,1800.2275000008012,
fine_tuned,gpt-4o-2024-08-06-ft,540,Tibetan Mastiff,2058.777100000043,
fine_tuned,gpt-4o-2024-08-06-ft,541,Tibetan Mastiff,1425.5487000000358,
fine_tuned,gpt-4o-2024-08-06-ft,542,Tibetan Mastiff,1479.2311999999583,
fine_tuned,gpt-4o-2024-08-06-ft,543,Tibetan Mastiff,1242.0084000004863,
fine_tuned,gpt-4o-2024-08-06-ft,544,Tibetan Mastiff,1570.8397999997032,
fine_tuned,gpt-4o-2024-08-06-ft,545,Tibetan Terrier,1715.5314999999973,
fine_tuned,gpt-4o-2024-08-06-ft,546,Tibetan Terrier,1696.6216000000713,
fine_tuned,gpt-4o-2024-08-06-ft,547,Tibetan Terrier,1491.0358999995879,
fine_tuned,gpt-4o-2024-08-06-ft,548,Tibetan Terrier,1625.598199999331,
fine_tuned,gpt-4o-2024-08-06-ft,549,Tibetan Terrier,1508.306700000503,
fine_tuned,gpt-4o-2024-08-06-ft,550,Toy Poodle,1347.6252000000386,
fine_tuned,gpt-4o-2024-08-06-ft,551,Toy Poodle,1596.9711999996434,
fine_tuned,gpt-4o-2024-08-06-ft,552,Toy Poodle,1260.055800000373,
fine_tuned,gpt-4o-2024-08-06-ft,553,Toy Poodle,1550.6914999996297,
fine_tuned,gpt-4o-2024-08-06-ft,554,Toy Poodle,1491.156900000533,
fine_tuned,gpt-4o-2024-08-06-ft,555,Toy Terrier,1456.4686000003348,
fine_tuned,gpt-4o-2024-08-06-ft,556,Toy Terrier,1449.4547000003877,
fine_tuned,gpt-4o-2024-08-06-ft,557,Toy Terrier,1479.4047000004866,
fine_tuned,gpt-4o-2024-08-06-ft,558,Toy Terrier,1547.0500999999786,
fine_tuned,gpt-4o-2024-08-06-ft,559,Toy Terrier,1418.7032999998337,
fine_tuned,gpt-4o-2024-08-06-ft,560,Vizsla,2597.8555000001506,
fine_tuned,gpt-4o-2024-08-06-ft,561,Vizsla,1510.1515999995172,
fine_tuned,gpt-4o-2024-08-06-ft,562,Vizsla,1563.0660999995598,
fine_tuned,gpt-4o-2024-08-06-ft,563,Vizsla,1155.9086999995998,
fine_tuned,gpt-4o-2024-08-06-ft,564,Vizsla,1466.8209999999817,
fine_tuned,gpt-4o-2024-08-06-ft,565,Walker Hound,1181.5643999998429,
fine_tuned,gpt-4o-2024-08-06-ft,566,Walker Hound,1464.0221999998175,
fine_tuned,gpt-4o-2024-08-06-ft,567,Walker Hound,1633.8415000000168,
fine_tuned,gpt-4o-2024-08-06-ft,568,Walker Hound,1227.6251000002958,
fine_tuned,gpt-4o-2024-08-06-ft,569,Walker Hound,1501.6709999999875,
fine_tuned,gpt-4o-2024-08-06-ft,570,Weimaraner,824.9497000006158,
fine_tuned,gpt-4o-2024-08-06-ft,571,Weimaraner,1501.4123000000836,
fine_tuned,gpt-4o-2024-08-06-ft,572,Weimaraner,1562.8616999993028,
fine_tuned,gpt-4o-2024-08-06-ft,573,Weimaraner,1444.1061999996236,
fine_tuned,gpt-4o-2024-08-06-ft,574,Weimaraner,1640.3951000002053,
fine_tuned,gpt-4o-2024-08-06-ft,575,Welsh Springer Spaniel,1620.4939999997805,
fine_tuned,gpt-4o-2024-08-06-ft,576,Welsh Springer Spaniel,1574.7053000004598,
fine_tuned,gpt-4o-2024-08-06-ft,577,Welsh Springer Spaniel,1470.6181999999899,
fine_tuned,gpt-4o-2024-08-06-ft,578,Welsh Springer Spaniel,1726.596000000427,
fine_tuned,gpt-4o-2024-08-06-ft,579,Welsh Springer Spaniel,1282.4193000005835,
fine_tuned,gpt-4o-2024-08-06-ft,580,West Highland White Terrier,1582.1969999997236,
fine_tuned,gpt-4o-2024-08-06-ft,581,West Highland White Terrier,1436.9815999998536,
fine_tuned,gpt-4o-2024-08-06-ft,582,West Highland White Terrier,1362.9455999998754,
fine_tuned,gpt-4o-2024-08-06-ft,583,West Highland White Terrier,1491.0402999994403,
fine_tuned,gpt-4o-2024-08-06-ft,584,West Highland White Terrier,1195.969899999909,
fine_tuned,gpt-4o-2024-08-06-ft,585,Whippet,1549.906999999621,
fine_tuned,gpt-4o-2024-08-06-ft,586,Whippet,1631.2606999999844,
fine_tuned,gpt-4o-2024-08-06-ft,587,Whippet,1636.7663999999422,
fine_tuned,gpt-4o-2024-08-06-ft,588,Whippet,1203.1317999999374,
fine_tuned,gpt-4o-2024-08-06-ft,589,Whippet,1495.4308000005767,
fine_tuned,gpt-4o-2024-08-06-ft,590,Wire-Haired Fox Terrier,1209.7696000000724,
fine_tuned,gpt-4o-2024-08-06-ft,591,Wire-Haired Fox Terrier,1560.725299999831,
fine_tuned,gpt-4o-2024-08-06-ft,592,Wire-Haired Fox Terrier,1539.1009000004487,
fine_tuned,gpt-4o-2024-08-06-ft,593,Wire-Haired Fox Terrier,1617.895100000169,
fine_tuned,gpt-4o-2024-08-06-ft,594,Wire-Haired Fox Terrier,1676.9475999999486,
fine_tuned,gpt-4o-2024-08-06-ft,595,Yorkshire Terrier,1390.2266000004602,
fine_tuned,gpt-4o-2024-08-06-ft,596,Yorkshire Terrier,1277.6983999992808,
fine_tuned,gpt-4o-2024-08-06-ft,597,Yorkshire Terrier,1534.813700000086,
fine_tuned,gpt-4o-2024-08-06-ft,598,Yorkshire Terrier,1245.41279999994,
fine_tuned,gpt-4o-2024-08-06-ft,599,Yorkshire Terrier,1615.173700000014,
